bookID,title,authors,average_rating,isbn,isbn13,language_code,  num_pages,ratings_count,text_reviews_count,publication_date,publisher
4888,The Drama of the Gifted Child: The Search for the True Self,Alice   Miller,4.09,046501691X,9780470000000.0,en-US,118,97,10,06/01/1983,Basic Books
4894,Who Moved My Cheese?,Spencer Johnson/Kenneth H. Blanchard,3.8,91883768,9780090000000.0,eng,96,311436,8421,02/07/2002,Vermilion
4898,Blue Ocean Strategy: How to Create Uncontested Market Space and Make the Competition Irrelevant,W. Chan Kim/Renée Mauborgne,3.91,1591396190,9781590000000.0,eng,240,46064,871,02/01/2005,Harvard Business Review Press
4900,Heart of Darkness,Joseph Conrad,3.42,1892295490,9781890000000.0,eng,188,321078,8423,10/01/2003,Green Integer
4906,Heart of Darkness and Other Tales,Joseph Conrad/Cedric Watts,3.58,192801724,9780190000000.0,eng,225,3761,177,9/25/2003,Oxford University Press
4907,Heart of Darkness,Joseph Conrad,3.42,159224646X,9781590000000.0,eng,132,92,11,05/01/2003,Wildside Press
4909,Teacher Man (Frank McCourt  #3),Frank McCourt,3.75,743243781,9780740000000.0,eng,272,26508,2019,9/19/2006,Scribner
4916,Angela's Ashes,Frank McCourt,4.11,7718721,9780010000000.0,eng,224,711,64,12/17/1998,Simon & Schuster
4921,Three Men in a Boat (Three Men  #1),Jerome K. Jerome,3.89,140621334,9780140000000.0,eng,185,38313,2811,10/01/1994,Penguin Books
4922,Three Men in a Boat: To Say Nothing of the Dog,Jerome K. Jerome,3.89,486451100,9780490000000.0,eng,144,213,32,6/16/2006,Dover Publications
4924,Three Men in a Boat: To Say Nothing of the Dog,Jerome K. Jerome,3.89,1904919529,9781900000000.0,eng,272,52,8,03/01/2005,Collectors Library
4925,Three Men in a Boat,Jerome K. Jerome,3.89,141441216,9780140000000.0,eng,178,786,125,3/25/2004,Penguin Classics
4926,Three Men in a Boat and Three Men on the Bummel,Jerome K. Jerome/Jeremy Lewis,4.08,140437509,9780140000000.0,en-US,400,2318,182,11/25/1999,Penguin Classics
4929,Kafka on the Shore,Haruki Murakami/Philip Gabriel,4.14,1400079276,9781400000000.0,eng,467,225397,12452,01/03/2006,Vintage International
4933,The Brothers Karamazov,Fyodor Dostoyevsky/Constance Garnett/Manuel Komroff/John Bayley,4.32,451527348,9780450000000.0,eng,736,983,91,06/01/1999,Signet Classics
4934,The Brothers Karamazov,Fyodor Dostoyevsky/Fyodor Dostoevsky/Richard Pevear/Larissa Volokhonsky,4.32,374528373,9780370000000.0,eng,796,191531,6795,6/14/2002,Farrar  Straus and Giroux
4935,The Brothers Karamazov,Fyodor Dostoyevsky/David McDuff,4.32,140449248,9780140000000.0,eng,1013,1673,184,2/27/2003,Penguin Books Ltd
4936,The Brothers Karamazov,Fyodor Dostoyevsky/Richard Pevear/Larissa Volokhonsky,4.32,679729259,9780680000000.0,eng,796,617,80,09/03/1991,Vintage Books USA
4938,The Brothers Karamazov,Fyodor Dostoyevsky/Simon Vance/Thomas R. Beyer Jr.,4.32,1596440791,9781600000000.0,eng,16,20,2,05/01/2005,Hovel Audio
4940,The Brothers Karamazov,Fyodor Dostoyevsky/Constance Garnett/Maire Jaanus,4.32,159308045X,9781590000000.0,eng,720,1089,202,7/25/2004,Barnes  Noble Classics
4942,CliffsNotes on Dostoevsky's The Brothers Karamazov,James Lamar Roberts/Gary Carey,3.5,764538136,9780760000000.0,en-GB,96,4,0,01/10/2003,Cliffs Notes
4943,Hungry Planet,Peter Menzel/Faith D'Aluisio,4.44,1580086810,9781580000000.0,eng,288,1455,193,10/01/2005,Material World
4944,The Very Hungry Caterpillar,Eric Carle,4.29,399226907,9780400000000.0,eng,13,3945,262,3/23/1994,Philomel Books
4945,The Little Mouse  the Red Ripe Strawberry and the Big Hungry Bear,Don    Wood,4.32,859533301,9780860000000.0,en-US,32,65,10,09/01/1996,Child's Play International
4947,One Hundred Hungry Ants,Elinor J. Pinczes/Bonnie Mackain,4.05,395971233,9780400000000.0,en-US,32,2114,166,9/27/1999,HMH Books for Young Readers
4950,The Hungry Tide,Amitav Ghosh,3.95,061871166X,9780620000000.0,eng,333,11838,815,06/07/2006,Mariner Books
4951,Feeding the Hungry Heart: The Experience of Compulsive Eating,Geneen Roth,3.96,452270839,9780450000000.0,eng,224,749,46,09/01/1993,Plume
4952,What Is the What,Dave Eggers,4.16,1932416641,9781930000000.0,eng,475,65767,6203,10/18/2006,McSweeney's
4953,A Heartbreaking Work of Staggering Genius,Dave Eggers,3.68,375725784,9780380000000.0,eng,485,157572,8463,2/13/2001,Vintage
4954,You Shall Know Our Velocity!,Dave Eggers,3.63,1400033543,9781400000000.0,eng,401,25811,1463,07/01/2003,Vintage
4955,How We Are Hungry,Dave Eggers,3.75,1400095565,9781400000000.0,eng,224,12007,659,10/11/2005,Vintage
4956,How We Are Hungry: Stories,Dave Eggers,3.75,1932416137,9781930000000.0,eng,218,488,38,10/13/2004,McSweeney's
4963,Merry Christmas  Stinky Face,Lisa McCourt/Cyd Moore,3.97,439635772,9780440000000.0,eng,32,20,3,10/01/2004,Scholastic
4964,Love You Until--,Lisa McCourt/Cyd Moore,4.5,809166585,9780810000000.0,eng,32,4,0,12/03/2005,Paulist Press
4965,Year of Wonders,Geraldine Brooks,4.01,142001430,9780140000000.0,eng,358,120736,8549,4/30/2002,Penguin Books
4966,The Wonder Years: Helping Your Baby and Young Child Successfully Negotiate the Major Developmental Milestones,Tanya Remer Altmann/American Academy of Pediatrics,3.51,553804766,9780550000000.0,en-US,224,55,9,9/26/2006,Bantam Books
4978,Wolves of the Calla (The Dark Tower  #5),Stephen King/Bernie Wrightson,4.18,141651693X,9781420000000.0,eng,931,127168,2801,02/01/2006,Pocket Books
4979,A Man Without a Country,Kurt Vonnegut Jr./Daniel Simon,4.07,081297736X,9780810000000.0,eng,160,34339,2061,1/16/2007,Random House Trade Paperbacks
4981,Slaughterhouse-Five,Kurt Vonnegut Jr.,4.07,385333846,9780390000000.0,eng,275,1001671,19056,01/12/1999,Dial Press
4983,Kurt Vonnegut's Cat's Cradle (Modern Critical Interpretations),Harold Bloom/Terry Southern/David H. Goldsmith/James Lundquist/Lawrence R. Broer/Peter J. Reed/Loree Rackstraw/William S. Doxey/Jerome Klinkowitz/Richard Giannone/John L. Simons/Leonard Mustazza/Zoltan Ab di-Nagy/Peter Freese/Wendy B. Faris,4.35,791071685,9780790000000.0,eng,258,28254,196,12/19/2002,Chelsea House Publications
4986,God Bless You  Dr. Kevorkian,Kurt Vonnegut Jr.,3.84,743422007,9780740000000.0,eng,80,12754,558,5/22/2001,Washington Square Press
4987,Jailbird,Kurt Vonnegut Jr.,3.82,385333900,9780390000000.0,eng,310,17881,593,01/12/1999,Dial Press Trade Paperback
4988,Fates Worse Than Death,Kurt Vonnegut Jr.,3.87,425134067,9780430000000.0,en-US,240,3183,115,09/01/1992,Berkley
4989,The Red Tent,Anita Diamant,4.17,312353766,9780310000000.0,eng,336,470858,15859,11/01/2005,St. Martin's Press
4990,Inside the Red Tent,Sandra Hack Polaski,3.96,827230281,9780830000000.0,eng,100,181,16,07/01/2006,Chalice Press
4991,Anita Diamant's The Red Tent: A Reader's Guide,Ann Finding,4.13,826415741,9780830000000.0,eng,88,440,55,09/07/2004,Bloomsbury Academic
4997,La Jeune fille à la perle,Tracy Chevalier/Marie-Odile Fortier-Masek,3.88,2070417948,9782070000000.0,fre,313,618,38,3/16/2002,Gallimard
4999,Iron Kingdom: The Rise and Downfall of Prussia  1600–1947,Christopher   Clark,4.14,674023854,9780670000000.0,eng,776,2583,183,9/29/2006,Belknap Press of Harvard University Press
5004,Downfall (Dragonlance: Dhamon Saga  #1),Jean Rabe,3.68,786918144,9780790000000.0,eng,397,878,9,03/01/2001,Wizards of the Coast
5005,Berlin: The Downfall  1945,Antony Beevor,4.29,670886955,9780670000000.0,eng,489,244,17,01/01/2002,Viking Books
5008,El azul de la virgen,Tracy Chevalier,3.66,8466313591,9788470000000.0,spa,411,50,5,10/01/2004,Punto de Lectura
5015,Saturday,Ian McEwan,3.63,1400076196,9781400000000.0,eng,289,52576,3332,04/11/2006,Anchor
5027,I Love Saturdays y domingos,Alma Flor Ada/Elivia Savadier,4.05,068987409X,9780690000000.0,en-US,32,34,10,09/01/2004,Atheneum Books for Young Readers
5051,A Dangerous Fortune,Ken Follett,4.05,330332651,9780330000000.0,eng,596,154,12,2/19/1999,MacMillan General Books
5053,The Man From St. Petersburg,Ken Follett,3.88,451208706,9780450000000.0,eng,320,16057,663,06/03/2003,NAL
5055,Night Over Water,Ken Follett,3.82,451211472,9780450000000.0,eng,448,14545,652,04/06/2004,NAL
5057,The Truth about the Drug Companies: How They Deceive Us and What to Do about It,Marcia Angell,3.95,375760946,9780380000000.0,en-GB,319,666,72,08/09/2005,Random House Trade
5061,La verdad acerca de las Industrias Farmacéuticas: cómo nos engaña y qué hacer al respecto,Marcia Angell,3.95,9580493510,9789580000000.0,spa,324,3,0,12/01/2006,Norma
5062,Jackdaws,Ken Follett,3.97,451219597,9780450000000.0,eng,416,20892,953,12/05/2006,NAL
5065,Whiteout,Ken Follett/David Tennant,3.58,1405052716,9781410000000.0,eng,4,13,1,09/01/2006,MacMillan Audio
5066,Jackdaws,Ken Follett,3.97,451207521,9780450000000.0,eng,496,367,32,11/26/2002,Signet
5069,Battle Angel Alita - Last Order : Angel's Vision  Vol. 08,Yukito Kishiro,4.1,1421508656,9781420000000.0,eng,208,336,5,12/12/2006,VIZ Media LLC
5071,Battle Angel Alita - Last Order : Guilty Angel  Vol. 07,Yukito Kishiro,4.12,1421504332,9781420000000.0,eng,208,340,4,6/13/2006,VIZ Media LLC
5073,Gunnm Last Order  Tome 01,Yukito Kishiro,4.06,2723439801,9782720000000.0,fre,200,48,2,11/27/2002,Glénat
5077,Your Inner Physician and You: CranioSacral Therapy and SomatoEmotional Release,John E. Upledger,4.11,1556432461,9781560000000.0,eng,240,248,27,09/04/1997,North Atlantic Books
5084,My Life in France,Julia Child/Alex Prud'Homme,4.17,1400043468,9781400000000.0,eng,336,69153,6152,04/04/2006,Knopf Publishing Group
5089,A Short History of Nearly Everything (Illustrated Edition),Bill Bryson,4.21,385663552,9780390000000.0,eng,624,28,7,10/05/2010,Anchor Canada
5094,The Drawing of the Three (The Dark Tower  #2),Stephen King,4.23,451210859,9780450000000.0,eng,463,173022,5139,08/05/2003,Signet
5102,The Handmaid's Tale,Margaret Atwood/Valerie Martin,4.11,307264602,9780310000000.0,eng,350,2102,282,10/17/2006,Everyman's Library
5104,The Handmaid's Tale,Margaret Atwood,4.11,435124099,9780440000000.0,en-GB,308,529,59,09/01/2009,Heinemann Library
5107,The Catcher in the Rye,J.D. Salinger,3.8,316769177,9780320000000.0,eng,277,2457092,43499,1/30/2001,Back Bay Books
5111,The Catcher in the Rye - Barron's Book Notes,Barron's,3.72,812034074,9780810000000.0,eng,120,775,24,10/01/1984,Barron's Educational Series
5113,Franny and Zooey,J.D. Salinger,3.98,316769029,9780320000000.0,eng,201,167157,4994,1/30/2001,Back Bay Books
5114,Raise High the Roof Beam  Carpenters & Seymour: An Introduction,J.D. Salinger,4.11,316766941,9780320000000.0,eng,256,40629,1189,1/30/2001,Back Bay Books
5128,The Doors of Perception & Heaven and Hell,Aldous Huxley,3.92,60595183,9780060000000.0,eng,187,30012,797,05/04/2004,Harper Perennial Modern Classics
5129,Brave New World,Aldous Huxley,3.99,60929871,9780060000000.0,eng,288,1247221,20014,09/01/1998,HarperPerennial / Perennial Classics
5130,Island,Aldous Huxley,3.83,60085495,9780060000000.0,eng,354,19668,1031,7/30/2002,Harper Perennial Classics
5131,The Perennial Philosophy,Aldous Huxley,4.19,006057058X,9780060000000.0,eng,336,3266,163,4/13/2004,Harper Perennial Modern Classics
5132,Huxley and God: Essays on Religious Experience,Aldous Huxley/Huston Smith/Jacqueline Hazard Bridgeman,4.3,824522524,9780820000000.0,eng,320,98,4,03/01/2003,The Crossroad Publishing Company
5134,Moksha: Writings on Psychedelics & the Visionary Experience,Aldous Huxley/Michael Horowitz/Cynthia Palmer,4.19,892817585,9780890000000.0,eng,304,404,15,04/01/1999,Park Street Press
5135,Point Counter Point,Aldous Huxley,3.86,1564781313,9781560000000.0,eng,432,9522,210,10/01/1996,Dalkey Archive Press
5136,After Many a Summer Dies the Swan,Aldous Huxley,3.75,1566630185,9781570000000.0,en-US,368,2056,149,01/01/1993,Ivan R. Dee Publisher
5137,The Flame Trees of Thika: Memories of an African Childhood,Elspeth Huxley,4.12,141183780,9780140000000.0,en-GB,281,4773,217,02/01/2000,Penguin Classics
5139,The Devil Wears Prada (The Devil Wears Prada  #1),Lauren Weisberger,3.74,307275558,9780310000000.0,eng,432,744569,7247,5/30/2006,Anchor Books
5144,Arundhati Roy's The God of Small Things: A Reader's Guide,Julie Mullaney,4.01,826453279,9780830000000.0,en-GB,96,309,19,3/30/2002,Bloomsbury Academic
5148,A Separate Peace,John Knowles/David Levithan,3.57,743253973,9780740000000.0,eng,208,175779,6261,9/30/2003,Scribner
5157,Black and Blue,Anna Quindlen,3.88,385333137,9780390000000.0,eng,288,75494,1386,8/25/2010,Delta Publishing
5158,A Virtuous Woman,Kaye Gibbons,3.69,375703063,9780380000000.0,eng,165,23170,587,11/05/1997,Vintage
5159,Here on Earth,Alice Hoffman,3.69,425169693,9780430000000.0,eng,336,43028,1472,07/01/1999,Berkley
5160,The Heart of a Woman,Maya Angelou,4.2,375500723,9780380000000.0,eng,288,17966,437,5/17/1997,Random House
5161,The Deep End of the Ocean (Cappadora Family  #1),Jacquelyn Mitchard,3.87,140286276,9780140000000.0,eng,464,112856,1028,10/01/1999,Penguin Books
5167,Cane River,Lalita Tademy,4.06,446678457,9780450000000.0,eng,522,42695,1845,04/01/2002,Grand Central Publishing
5168,Where the Heart Is,Billie Letts,4.02,446672211,9780450000000.0,eng,376,227716,3407,06/01/1998,Grand Central Publishing
5169,Oprah Winfrey,Katherine E. Krohn,3.79,822550008,9780820000000.0,eng,128,38,5,01/01/2002,Lerner Publications
5171,Drowning Ruth,Christina Schwarz,3.74,345439104,9780350000000.0,eng,368,74161,2159,7/31/2001,Ballantine Books
5174,Fall on Your Knees,Ann-Marie MacDonald,3.96,743466527,9780740000000.0,eng,672,55988,2434,10/29/2002,Pocket Books
5175,What Looks Like Crazy on an Ordinary Day (Idlewild  #1),Pearl Cleage,3.73,038079487X,9780380000000.0,eng,244,19366,645,11/01/1998,Harper Perennial
5176,While I Was Gone,Sue Miller,3.69,345443284,9780350000000.0,eng,304,56320,1185,05/12/2000,Ballantine Books
5179,Mother of Pearl,Melinda Haynes,3.69,671774670,9780670000000.0,eng,465,19073,427,06/01/2000,Washington Square Press
5186,Breath  Eyes  Memory,Edwidge Danticat,3.88,037570504X,9780380000000.0,eng,234,25200,1229,5/18/1998,Vintage
5187,The Book of Ruth,Jane Hamilton,3.85,385265700,9780390000000.0,en-US,328,63595,1222,12/01/1989,Anchor Books
5190,Open House,Elizabeth Berg,3.7,345435168,9780350000000.0,eng,272,54119,1629,05/01/2001,Ballantine Books
5191,The Pilot's Wife,Anita Shreve,3.52,316601950,9780320000000.0,eng,304,78714,3860,3/30/1999,Back Bay Books
5196,Tara Road,Maeve Binchy,3.9,440235596,9780440000000.0,eng,648,66629,1712,7/18/2000,Dell
5197,A Lesson Before Dying,Ernest J. Gaines,3.95,375702709,9780380000000.0,eng,256,47143,2998,9/28/1997,Vintage
5198,Paradise,Toni Morrison,3.8,452280397,9780450000000.0,eng,318,19927,812,04/01/1999,Plume (Penguin Books Ltd)
5202,The Treasure Hunt: A Little Bill Book,Bill Cosby/Varnette P. Honeywood,3.34,590956183,9780590000000.0,eng,40,364,18,09/01/1997,Cartwheel
5203,She's Come Undone,Wally Lamb,3.88,671021001,9780670000000.0,eng,465,294348,9096,6/28/1998,Pocket
5204,We Were the Mulvaneys,Joyce Carol Oates,3.73,452282829,9780450000000.0,eng,454,87367,2553,09/01/1997,Plume
5205,A Map of the World,Jane Hamilton/Frank  Muller/C.J. Critt,3.81,385720106,9780390000000.0,en-GB,400,68554,1476,12/03/1999,Anchor Books
5207,Daughter of Fortune,Isabel Allende/Margaret Sayers Peden,3.91,006019491X,9780060000000.0,eng,399,1005,95,10/06/1999,Harper
5209,The Meanest Thing To Say,Bill Cosby/Varnette P. Honeywood/Varnette Hon Eywood,3.54,590956167,9780590000000.0,eng,40,990,55,09/01/1997,Cartwheel
5210,The Good Earth (House of Earth  #1),Pearl S. Buck,3.98,743272935,9780740000000.0,eng,357,4080,501,9/15/2004,Washington Square Press
5211,A Fine Balance,Rohinton Mistry,4.36,140003065X,9781400000000.0,eng,603,112196,7546,11/30/2001,Vintage
5212,The Best Way to Play: A Little Bill Book,Bill Cosby/Varnette P. Honeywood/Varnette Honeywood,3.49,590956175,9780590000000.0,eng,40,405,17,09/01/1997,Cartwheel
5213,White Oleander,Janet Fitch,3.96,316284955,9780320000000.0,eng,480,3112,210,05/01/2000,Back Bay Books
5214,Cry  the Beloved Country,Alan Paton,3.9,743262174,9780740000000.0,eng,316,3140,383,11/01/2003,Scribner
5215,One Hundred Years of Solitude,Gabriel García Márquez/Gregory Rabassa,4.07,60740450,9780060000000.0,eng,458,3437,316,1/20/2004,Harper Perennial
5216,Song of Solomon,Toni Morrison,4.06,452260116,9780450000000.0,en-US,337,1730,143,09/01/1987,Plume
5217,One Hundred Years of Solitude,Gabriel García Márquez/Gregory Rabassa,4.07,1417735988,9781420000000.0,eng,417,90,5,02/01/2006,Turtleback Books
5219,The Bluest Eye,Toni Morrison,4.03,452282195,9780450000000.0,eng,216,3420,280,4/27/2000,Plume Books
5220,The Poisonwood Bible,Barbara Kingsolver,4.06,60930535,9780060000000.0,eng,546,5773,828,10/01/1999,Harper Perennial
5230,Vergeef me,Wally Lamb/Inge de Heer,4.18,9022530078,9789020000000.0,nl,744,67,9,07/01/2001,De Boekerij
5237,The Crusader: Ronald Reagan and the Fall of Communism,Paul Kengor,4.23,61136905,9780060000000.0,eng,432,179,14,10/17/2006,Harper
5240,Ronald Reagan: How an Ordinary Man Became an Extraordinary Leader,Dinesh D'Souza,4.13,684848236,9780680000000.0,eng,304,1059,35,2/23/1999,Free Press
5249,Ethan Frome and Summer,Edith Wharton/Elizabeth Strout,3.86,375757287,9780380000000.0,eng,274,483,54,05/08/2001,Modern Library
5255,Collected Stories  1891-1910,Edith Wharton/Maureen Howard,4.26,1883011930,9781880000000.0,eng,928,56,8,1/29/2001,Library of America
5261,A Backward Glance,Edith Wharton/Louis Auchincloss,3.76,684847558,9780680000000.0,eng,385,521,77,7/15/1998,Scribner
5272,The Best Short Stories of Edith Wharton,Edith Wharton,3.77,1417911832,9781420000000.0,eng,300,41,4,4/16/2004,Kessinger Publishing
5289,Complete Works of Oscar Wilde,Oscar Wilde/Merlin Holland,4.45,7144350,9780010000000.0,eng,1270,11903,183,08/04/2003,HarperCollins Publishers
5294,Oscar Wilde,Richard Ellmann,4.24,394759842,9780390000000.0,eng,736,2695,119,11/05/1988,Vintage
5296,An Ideal Husband,Oscar Wilde,4.04,048641423X,9780490000000.0,eng,78,32946,895,02/05/2001,Dover Publications
5297,The Picture of Dorian Gray,Oscar Wilde/Jeffrey Eugenides,4.08,375751513,9780380000000.0,eng,272,760717,17179,06/01/2004,Random House: Modern Library
5304,De Profundis and Other Writings,Oscar Wilde/Hesketh Pearson,4.21,014043089X,9780140000000.0,eng,252,2298,91,8/26/1976,Penguin Books
5305,Sense and Sensuality: Jesus Talks to Oscar Wilde on the Pursuit of Pleasure (Great Conversations),Ravi Zacharias,3.95,1590528603,9781590000000.0,en-US,94,545,52,06/01/2006,Multnomah Books
5306,Travels with Charley: In Search of America,John Steinbeck,4.08,142000701,9780140000000.0,eng,214,56349,3738,02/05/2002,Penguin
5307,Novels and Stories 1932–1937: The Pastures of Heaven / To a God Unknown / Tortilla Flat / In Dubious Battle / Of Mice and Men,John Steinbeck/Elaine Steinbeck/Robert DeMott,4.35,1883011019,9781880000000.0,eng,909,371,25,09/01/1994,Library of America
5308,The Pearl,John Steinbeck,3.46,142000698,9780140000000.0,eng,96,160706,6198,01/08/2002,Penguin Books
5309,The Life and Times of Scrooge McDuck,Don Rosa,4.67,911903968,9780910000000.0,eng,266,2467,149,06/01/2005,Gemstone Publishing
5310,The Life and Times of Scrooge McDuck Companion,Don Rosa,4.48,1888472405,9781890000000.0,eng,208,959,22,9/19/2006,Gemstone Publishing
5314,The Last Christmas of Ebenezer Scrooge,Marvin Kaye,4.13,1592241336,9781590000000.0,eng,168,14,3,09/01/2004,Wildside Press
5316,Uncle Scrooge #359,Don Rosa/Carl Barks/Lars Jensen/Pat McGreal/Carol McGreal/Frank Jonker/Romano Scarpa/Mau Heymans/José Massaroli,3.88,1888472421,9781890000000.0,eng,64,8,1,11/07/2006,Gemstone Publishing
5319,A Christmas Story,Jean Shepherd,4.08,767916220,9780770000000.0,eng,144,3187,381,10/28/2003,Broadway Books
5321,My First Story of Christmas,Tim Dowley/Roger Langton,4.07,802417582,9780800000000.0,eng,24,10,1,09/01/2004,Moody Publishers
5322,The Christmas Story,Jane Werner Watson/Eloise Wilkin,4.43,307989135,9780310000000.0,en-US,24,1304,32,08/01/2000,Golden Books
5327,A Christmas Carol,Charles Dickens/P.J. Lynch,4.05,763631205,9780760000000.0,en-CA,160,4359,353,09/12/2006,Candlewick Press
5328,A Christmas Carol,Charles Dickens,4.05,1580495796,9781580000000.0,eng,112,6671,490,01/01/2012,Penguin Books
5330,The Annotated Christmas Carol,Charles Dickens/Michael Patrick Hearn/John Leech,4.05,393051587,9780390000000.0,eng,266,276,46,11/17/2004,W. W. Norton  Company
5332,Charles Dickens' A Christmas Carol,Jane Parker Resnick/Christian Birmingham,4.1,762408480,9780760000000.0,eng,56,58,6,10/11/2000,Running Press Kids
5337,Little Dorrit,Charles Dickens/Hablot Knight Browne/David Gates,3.99,037575914X,9780380000000.0,eng,1347,291,33,03/12/2002,Modern Library
5338,A Christmas Carol and Other Christmas Writings,Charles Dickens/Michael Slater,4.14,140439056,9780140000000.0,eng,288,30393,449,10/30/2003,Penguin Classics
5342,The Life of Our Lord: Written for His Children During the Years 1846 to 1849,Charles Dickens,4.01,684865378,9780680000000.0,eng,128,1729,364,11/09/1999,Simon  Schuster
5344,Hard Times,Charles Dickens,3.52,321107217,9780320000000.0,eng,353,41041,1706,10/19/2003,Pearson Longman
5345,The Innocent Man: Murder and Injustice in a Small Town,John Grisham,3.82,385517238,9780390000000.0,eng,360,52005,4136,10/10/2006,Doubleday Books
5346,The Last Juror,John Grisham,3.87,385339682,9780390000000.0,eng,278,72294,1755,4/25/2006,Delta
5348,The Testament,John Grisham/Jorma-Veikko Sappinen,3.86,440234743,9780440000000.0,eng,535,89014,2361,12/28/1999,Island
5349,The Rainmaker,John Grisham,3.94,385339607,9780390000000.0,eng,419,151818,1489,9/27/2005,Delta
5350,The Partner,John Grisham,3.92,385339100,9780390000000.0,eng,416,97474,1928,4/26/2005,Delta
5351,The Street Lawyer,John Grisham,3.83,385339097,9780390000000.0,eng,384,89947,1813,4/26/2005,Bantam
5352,The Summons,John Grisham,3.69,385339593,9780390000000.0,eng,384,58901,1642,9/27/2005,Delta
5354,The Brethren,John Grisham,3.73,385339674,9780390000000.0,eng,384,76085,1505,12/27/2005,Delta
5356,The King of Torts,John Grisham,3.68,385339658,9780390000000.0,eng,276,68098,1705,12/27/2005,Delta
5357,Skipping Christmas,John Grisham,3.49,99481685,9780100000000.0,eng,198,46334,3399,11/06/2004,Arrow
5358,The Firm,Robin Waterfield/John Grisham,4.01,582418275,9780580000000.0,eng,76,540910,3378,2/15/2000,Addison Wesley Publishing Company
5359,The Client,John Grisham,4.0,385339089,9780390000000.0,eng,483,367399,1978,3/16/2010,Delta
5360,A Painted House,John Grisham,3.7,385337930,9780390000000.0,eng,384,67857,3375,02/03/2004,Bantam
5362,The Summons / The Brethren,John Grisham/Michael Beck/Frank  Muller,3.99,739342770,9780740000000.0,eng,0,241,9,10/10/2006,Random House Audio
5364,Dragonfly in Amber (Outlander  #2),Diana Gabaldon,4.32,385335970,9780390000000.0,eng,743,222140,11121,08/07/2001,Bantam
5368,Forever Amber,Kathleen Winsor,3.99,141009829,9780140000000.0,eng,972,14409,849,7/25/2002,Penguin
5370,Amber Brown Is Green With Envy,Paula Danziger/Tony Ross,3.95,439071712,9780440000000.0,en-GB,160,834,42,08/01/2004,Scholastic
5371,Amber Brown Is Not a Crayon,Paula Danziger/Tony Ross,3.84,142406198,9780140000000.0,eng,96,4787,189,09/07/2006,Puffin Books
5372,Amber and Ashes (Dragonlance: The Dark Disciple  #1),Margaret Weis,3.87,786937424,9780790000000.0,eng,336,2637,64,07/01/2005,Wizards of the Coast
5373,The Waste Lands (The Dark Tower  #3),Stephen King/Ned Dameron,4.24,747411875,9780750000000.0,eng,509,76,5,11/12/1992,Time Warner Paperbacks
5374,The Dragon's Eye (Dragonology Chronicles  #1),Dugald A. Steer/Douglas Carrel,3.82,763628107,9780760000000.0,eng,221,2221,113,11/14/2006,Candlewick Press
5375,The Dragon's Eye (Erec Rex  #1),Kaza Kingsley/Melvyn Grant,4.0,978655567,9780980000000.0,eng,341,59,8,10/01/2006,Firelight Press
5376,Dragon's Eye (Stonefort  #1),James A. Hetley,3.43,441013724,9780440000000.0,en-US,368,133,16,10/31/2006,Ace
5396,Dragon's Eye,Christopher Stasheff/William R. Forstchen/Nick DiChario/S.N. Lewitt/Bill Fawcett/Mike Resnick/Mickey Zucker Reichert/S.M. Stirling/Diane Duane/Jody Lynn Nye/Roland J. Green/Teresa Patterson/Judith R. Conly,3.51,671876090,9780670000000.0,en-GB,279,41,7,07/01/1994,Baen Books
5402,"Stand Back  Said the Elephant  ""I'm Going to Sneeze!""",Patricia Thomas/Wallace Tripp,4.39,688093388,9780690000000.0,eng,32,1004,130,4/23/1990,William Morrow & Company  Inc.
5404,Here I Stand: A Life of Martin Luther,Roland H. Bainton,4.08,452011469,9780450000000.0,eng,336,2841,224,04/01/1995,Plume Books
5412,The Stand: Das letzte Gefecht,Stephen King/Joachim Körber,4.34,3404134117,9783400000000.0,ger,1227,256,16,09/01/2003,Bastei Lübbe
5413,'Salem's Lot,Stephen King/Jerry N. Uelsmann,4.25,385516487,9780390000000.0,eng,594,84123,571,11/01/2005,Doubleday
5414,'Salem's Lot,Stephen King/Ron McLarty,4.02,743536967,9780740000000.0,eng,17,227,54,1/19/2004,Simon & Schuster Audio
5415,'Salem's Lot,Stephen King,4.02,965772411,9780970000000.0,eng,405,1039,130,10/17/1975,Doubleday
5417,Carrie / 'Salem's Lot / The Shining,Stephen King,4.54,517219026,9780520000000.0,eng,1096,13137,61,07/02/2002,Wings
5419,'Salem's Lot,Stephen King,4.02,451092317,9780450000000.0,en-US,427,178,35,11/13/1979,Signet
5420,'Salem's Lot,Stephen King,4.02,340770538,9780340000000.0,eng,586,25,6,10/06/2010,Hodder & Stoughton Ltd
5427,Orientalism,Edward W. Said,4.08,141187425,9780140000000.0,eng,396,873,77,8/28/2003,Penguin Classics
5439,Interpreter of Maladies,Jhumpa Lahiri,4.15,618101365,9780620000000.0,eng,198,131876,8009,5/22/2000,Houghton Mifflin Harcourt
5442,The Faiths of the Founding Fathers,David L. Holmes,3.89,195300920,9780200000000.0,en-US,225,461,66,03/01/2006,Oxford University Press  USA
5452,Girls in Pants: The Third Summer of the Sisterhood (Sisterhood  #3),Ann Brashares,3.83,553375938,9780550000000.0,eng,338,61435,1290,6/13/2006,Ember
5453,Forever in Blue: The Fourth Summer of the Sisterhood (Sisterhood  #4),Ann Brashares,3.81,385729367,9780390000000.0,eng,384,62199,1613,01/09/2007,Delacorte Books
5458,Junie B.  First Grader: Cheater Pants (Junie B. Jones  #21),Barbara Park/Denise Brunkus,4.04,375823026,9780380000000.0,en-US,86,111,8,4/27/2004,Random House Books for Young Readers
5471,Nineteen Eighty-Four,George Orwell/Thomas Pynchon,4.18,452284236,9780450000000.0,eng,339,9910,748,05/06/2003,Plume
5472,Animal Farm / 1984,George Orwell/Christopher Hitchens,4.28,151010269,9780150000000.0,eng,400,146659,1625,06/01/2003,Houghton Mifflin Harcourt
5477,1984,George Orwell/Erich Fromm,4.18,451516753,9780450000000.0,eng,268,1322,121,07/01/1981,Signet Classics
5478,Nineteen Eighty-Four,George Orwell,4.18,1421808323,9781420000000.0,eng,387,215,17,07/01/2005,1st World Library
5479,Brave New World / Brave New World Revisited,Aldous Huxley/Christopher Hitchens,4.16,60776099,9780060000000.0,eng,340,129179,1047,07/05/2005,Harper Perennial Modern Classics
5480,Brave New World and Brave New World Revisited,Aldous Huxley/Christopher Hitchens,4.16,60535261,9780060000000.0,eng,340,421,53,06/01/2004,HarperCollins
5481,Brave New World Revisited,Aldous Huxley,3.95,60898526,9780060000000.0,eng,123,12989,740,09/05/2006,Harper Perennial Modern Classics
5485,Brave New World,Aldous Huxley,3.99,60850523,9780060000000.0,eng,259,13353,1286,10/17/2006,HarperCollins
5486,Andrew Carnegie,David Nasaw,3.99,1594201048,9781590000000.0,eng,896,2580,205,10/24/2006,Penguin Press HC  The
5488,The Cairo Trilogy: Palace Walk / Palace of Desire / Sugar Street (The Cairo Trilogy #1-3),Naguib Mahfouz,4.46,375413316,9780380000000.0,eng,1313,3347,245,10/16/2001,Everyman's Library
5490,Children of the Alley,Naguib Mahfouz/Peter Theroux,4.1,385264739,9780390000000.0,eng,464,1192,131,10/18/1996,Anchor
5497,Akhenaten: Dweller in Truth,Naguib Mahfouz/Tagreid Abu-Hassabo,3.81,385499094,9780390000000.0,eng,168,1282,139,04/04/2000,Anchor
5498,Adrift on the Nile,Naguib Mahfouz/Frances Liardet,3.82,385423330,9780390000000.0,eng,167,411,38,01/01/1994,Anchor Books
5499,Midaq Alley,Naguib Mahfouz/Trevor Le Gassick,3.85,385264763,9780390000000.0,eng,286,4815,446,12/01/1991,Anchor Books
5502,The Harafish,Naguib Mahfouz/Catherine Cobham/Naguib Mahfouz,4.36,385423357,9780390000000.0,eng,416,590,61,9/17/1997,Anchor Books
5503,The Day the Leader Was Killed,Naguib Mahfouz/Surgana/Naguib Mahfouz,3.63,385499221,9780390000000.0,eng,112,809,93,06/06/2000,Anchor
5508,Anne Frank Beyond the Diary: A Photographic Remembrance,Ruud van der Rol/Rian Verhoeven/Anna Quindlen/Anne Frank/Tony   Langham/Plym Peters,4.27,140369260,9780140000000.0,eng,113,24181,242,05/01/1995,Puffin Books
5509,Anne Frank Remembered: The Story of the Woman Who Helped to Hide the Frank Family,Miep Gies/Alison Leslie Gold,4.29,671662341,9780670000000.0,eng,252,55487,669,4/15/1988,Touchstone Books
5513,The Diary of Anne Frank,Frances Goodrich/Albert Hackett/Wendy Kesselman,4.06,082221718X,9780820000000.0,eng,70,1320,61,10/01/1998,Dramatists Play Service
5514,Anne Frank: Life in Hiding,Johanna Hurwitz/Vera Rosenberry,3.99,380732548,9780380000000.0,eng,64,152,23,12/08/1999,HarperCollins
5518,Cliffs Notes on Hansberry's A Raisin in the Sun,Rosetta James,3.9,822011085,9780820000000.0,en-GB,80,10,2,8/15/1992,Cliffs Notes
5526,Dear John,Nicholas Sparks,4.03,446528056,9780450000000.0,eng,276,502726,9645,10/30/2006,Warner Books (NY)
5527,All the King's Men,Robert Penn Warren,4.09,156004801,9780160000000.0,eng,439,47324,1720,09/01/1996,Harcourt Brace
5528,Cliffs notes on Warren's All the King's Men,L. David Allen,3.45,822001462,9780820000000.0,eng,80,3,1,1/13/1964,Cliffs Notes
5530,All the King's Men: Three Stage Versions,Robert Penn Warren/James A. Perkins/James A. Grimshaw,4.0,820320978,9780820000000.0,eng,264,3,0,07/04/2000,University of Georgia Press
5534,Men's Health: Book of Muscle - The World's Most Complete Guide to Building Your Body,Ian King/Lou Schuler/Frederick Deluvier,3.98,1579547699,9781580000000.0,en-US,364,256,13,10/17/2003,Rodale Books
5544,Surely You're Joking  Mr. Feynman!: Adventures of a Curious Character,Richard P. Feynman,4.28,393316041,9780390000000.0,eng,391,106526,3685,04/12/1997,W. W. Norton & Company
5545,The Feynman Lectures on Physics  3 Vols,Richard P. Feynman/Robert B. Leighton/Matthew L. Sands,4.6,201500647,9780200000000.0,en-US,3,78,7,01/01/1989,Addison Wesley Publishing Company
5548,What Do You Care What Other People Think?,Richard P. Feynman,4.27,393320928,9780390000000.0,eng,256,15700,556,01/11/2001,W.W. Norton & Company
5550,Perfectly Reasonable Deviations from the Beaten Track: Letters of Richard P. Feynman,Richard P. Feynman/Michelle Feynman,4.25,738206369,9780740000000.0,en-US,512,1874,93,04/05/2005,Basic Books
5552,QED: The Strange Theory of Light and Matter,Richard P. Feynman,4.24,691024170,9780690000000.0,eng,158,13463,320,10/21/1988,Princeton University Press
5554,Kiffe Kiffe Demain (French Edition),Faïza Guène,3.4,785990232,9780790000000.0,fre,182,19,1,10/01/2005,French & European Publications
5558,iWoz,Steve Wozniak/Gina Smith,3.87,393061434,9780390000000.0,en-GB,313,3536,375,9/17/2006,W. W. Norton  Company
5571,Cradle to Cradle: Remaking the Way We Make Things,William McDonough/Michael Braungart,4.11,865475873,9780870000000.0,eng,193,9017,820,4/22/2002,North Point Press
5575,Cradle and All,James Patterson,3.86,446609404,9780450000000.0,eng,384,27869,869,02/01/2001,Vision
5585,The Creation of the American Republic  1776-1787,Gordon S. Wood,4.12,807847232,9780810000000.0,eng,675,1792,43,04/06/1998,Omohundro Institute and University of North Carolina Press
5587,Power  Faith  and Fantasy: America in the Middle East 1776 to the Present,Michael B. Oren,3.98,393058263,9780390000000.0,eng,832,1510,216,1/16/2007,W. W. Norton  Company
5595,Problems of the Self: Philosophical Papers 1956 1972,Bernard Williams,3.97,521290600,9780520000000.0,en-US,276,57,2,3/25/1976,Cambridge University Press
5598,Moral Luck: Philosophical Papers 1973-1980,Bernard Williams,4.09,521286913,9780520000000.0,eng,188,114,5,03/12/1981,Cambridge University Press
5599,Ethics and the Limits of Philosophy,Bernard Williams,4.06,067426858X,9780670000000.0,en-US,230,556,20,3/15/1986,Harvard University Press
5606,On Rhetoric and Language: Four Key Dialogues,Jean Nienkamp,4.2,1880393336,9781880000000.0,eng,232,10,1,07/01/1999,Routledge
5635,The Norton Anthology of Modern and Contemporary Poetry,Jahan Ramazani/Richard Ellmann/Robert O'Clair,4.23,039332429X,9780390000000.0,eng,1136,286,21,4/17/2003,W. W. Norton  Company
5653,The Elephant War,Gillian Avery,3.67,1903252040,9781900000000.0,eng,256,19,3,10/01/2000,Jane Nissen Books
5659,The Wind in the Willows,Kenneth Grahame/Gillian Avery,3.99,143039091,9780140000000.0,eng,197,147748,3490,10/27/2005,Penguin Books
5660,The Everyman Anthology of Poetry for Children,Gillian Avery/Everyman's Library/Thomas Benwick,4.14,679436340,9780680000000.0,eng,379,22,4,9/27/1994,Everyman's Library
5661,Holiday Romance and Other Writings for Children,Charles Dickens,3.32,460876015,9780460000000.0,eng,368,8,3,05/01/1995,Everyman Paperback Classics
5665,Ideas Have Consequences,Richard M. Weaver,4.16,226876802,9780230000000.0,eng,198,970,105,9/28/1984,University Of Chicago Press
5671,The Ethics of Rhetoric,Richard M. Weaver,4.14,961180021,9780960000000.0,eng,240,65,9,11/03/1995,Routledge
5678,Manliness,Harvey Mansfield,3.39,300106645,9780300000000.0,eng,304,177,31,03/11/2006,Yale University Press
5685,Anna Karenina,Leo Tolstoy/Richard Pevear/Larissa Volokhonsky,4.05,142000272,9780140000000.0,en-US,838,2415,397,12/01/2001,Penguin Books
5691,The Brothers Karamazov,Fyodor Dostoyevsky/Richard Pevear/Larissa Volokhonsky,4.32,99922800,9780100000000.0,eng,796,443,55,1/16/1992,Vintage Classics
5693,Selected Stories of Anton Chekhov,Anton Chekhov/Richard Pevear/Larissa Volokhonsky,4.35,553381008,9780550000000.0,eng,467,27027,466,10/31/2000,Modern Library
5694,Mother Maria Skobtsova: Essential Writings,Maria Skobtsova/Richard Pevear,4.31,1570754365,9781570000000.0,eng,192,62,9,10/01/2002,Orbis Books
5696,What is Art?,Leo Tolstoy/Richard Pevear/Larissa Volokhonsky,3.72,140446427,9780140000000.0,eng,230,127,24,8/31/1995,Penguin Classics
5697,The Complete Short Novels,Anton Chekhov/Richard Pevear/Larissa Volokhonsky,4.47,140003292X,9781400000000.0,eng,548,10580,118,8/18/2005,Vintage Classics
5698,The Double and The Gambler,Fyodor Dostoyevsky/Richard Pevear/Larissa Volokhonsky,4.16,375719016,9780380000000.0,eng,344,2486,99,1/16/2007,Vintage Classics
5700,The Adolescent,Fyodor Dostoyevsky/Richard Pevear/Larissa Volokhonsky,3.94,375719008,9780380000000.0,eng,647,3568,159,12/07/2004,Vintage
5712,If I Die in a Combat Zone,Tim O'Brien,3.95,7162995,9780010000000.0,eng,208,11,0,04/07/2003,Flamingo
5713,If I Die In A Combat Zone,Tim O'Brien,3.95,586087990,9780590000000.0,eng,208,53,4,4/24/1995,Flamingo
5720,Rainbow Six (John Clark  #2; Jack Ryan Universe  #10),Tom Clancy/David Dukes,4.09,425170349,9780430000000.0,eng,912,40815,908,09/01/1999,Berkley Books
5728,Child of War  Woman of Peace,Le Ly Hayslip/James Hayslip/Jenny Wurts,3.8,385471475,9780390000000.0,eng,388,186,22,12/01/1993,Anchor
5729,When Heaven and Earth Changed Places: A Vietnamese Woman's Journey from War to Peace,Le Ly Hayslip/Jay Wurts,4.12,452271681,9780450000000.0,eng,400,2593,252,11/01/1993,Plume
5735,Philip Vera Cruz: A Personal History of Filipino Immigrants and the Farmworkers Movement,Craig Scharlin/Lilia V. Villanueva,4.22,295979844,9780300000000.0,en-US,208,86,4,06/01/2000,University of Washington Press
5736,Coming of Age in Mississippi: The Classic Autobiography of a Young Black Girl in the Rural South,Anne Moody,4.13,385337817,9780390000000.0,eng,424,7072,453,02/03/2004,Delta
5738,I'm Too Young To Be Seventy,Judith Viorst/Laura Gibson,3.93,743267745,9780740000000.0,en-US,64,237,45,10/12/2005,Simon  Schuster
5743,Seventy-Seven Clocks (Bryant & May #3),Christopher Fowler,3.89,553587153,9780550000000.0,eng,496,2095,188,11/29/2005,Bantam Books
5752,The Blank Slate: The Modern Denial of Human Nature,Steven Pinker,4.08,142003344,9780140000000.0,eng,528,18793,721,8/26/2003,Penguin Books
5755,The Language Instinct: How the Mind Creates Language,Steven Pinker,4.03,60958332,9780060000000.0,eng,448,15441,693,11/07/2000,Harper Perennial Modern Classics
5756,Learnability and Cognition: The Acquisition of Argument Structure,Steven Pinker/Jacques A. Mehler,3.75,262660733,9780260000000.0,eng,432,50,1,8/28/1991,Bradford Book
5759,Fight Club,Chuck Palahniuk,4.19,393327345,9780390000000.0,eng,218,388782,9654,10/17/2005,W.W. Norton & Company (NYC)
5766,BSD Hacks,Lavigne,3.8,596006799,9780600000000.0,en-US,450,42,5,5/31/2004,O'Reilly Media
5770,The Design and Implementation of the 4.3BSD UNIX Operating System,Samuel J. Leffler/Marshall Kirk McKusick/Michael J. Karels,4.26,201061961,9780200000000.0,eng,471,27,2,06/01/1989,Addison Wesley Publishing Company
5776,Choke,Stuart Woods,3.84,61094226,9780060000000.0,eng,352,2288,96,09/12/1996,HarperTorch
5777,Choke Point: A Brinker Mystery (Brinker P.I.),James C. Mitchell,3.22,312315325,9780310000000.0,eng,272,3,0,10/05/2004,St. Martin's Minotaur
5787,The Aleph and Other Stories,Jorge Luis Borges/Andrew Hurley,4.38,142437883,9780140000000.0,eng,210,20259,460,7/27/2004,Penguin Classics
5794,El Aleph,Jorge Luis Borges,4.38,9500425998,9789500000000.0,spa,253,146,9,09/01/2007,Planeta Publishing
5797,Vanity Fair,William Makepeace Thackeray/John Carey,3.79,141439831,9780140000000.0,eng,867,102877,2286,1/30/2003,Penguin Books
5799,Vanity Fair,William Makepeace Thackeray/Nicholas Dames,3.79,1593080719,9781590000000.0,eng,696,553,97,11/01/2003,Barnes  Noble Classics
5800,Vanity Fair,William Makepeace Thackeray,3.79,140620850,9780140000000.0,eng,672,296,34,10/03/1998,Penguin Books
5805,V for Vendetta,Alan Moore/David   Lloyd,4.25,1401207928,9781400000000.0,eng,296,234954,4058,11/01/2005,Vertigo
5809,V.,Thomas Pynchon/Carlos Martín Ramírez,3.96,2020418770,9782020000000.0,fre,640,15174,561,01/02/2001,Contemporary French Fiction
5810,Girl in the Shadows (Shadows  #2),V.C. Andrews,3.81,1416500529,9781420000000.0,en-US,400,5,1,03/07/2006,Pocket Books
5812,V for Vendetta,Steve Moore/Lilly Wachowski/Lana Wachowski/Alan Moore,4.15,1416516999,9781420000000.0,eng,358,2980,118,03/01/2006,Pocket Star Books
5813,Heaven (Casteel  #1),V.C. Andrews,4.03,671010050,9780670000000.0,eng,464,13,0,04/01/1997,Pocket Books
5814,Slow Learner: Early Stories,Thomas Pynchon,3.5,99532514,9780100000000.0,eng,208,3169,161,2/16/1995,Vintage Classics
5816,A Gravity's Rainbow Companion: Sources and Contexts for Pynchon's Novel,Steven Weisenburger,4.01,820328073,9780820000000.0,eng,424,152,26,11/01/2006,University of Georgia Press
5821,Casino Royale,Ian Fleming,3.73,141187581,9780140000000.0,eng,181,371,43,06/03/2004,Penguin Books  Limited (UK)
5824,Casino Royale,Anthony Hern/Ian Fleming/Henry Gammidge/John McLusky,3.7,1840238437,9781840000000.0,eng,96,110,10,06/01/2005,Titan Books
5826,Bel Canto,Ann Patchett,3.93,60838728,9780060000000.0,eng,352,218195,13012,08/02/2005,Harper Perennial
5835,Guerilla Film Makers Movie Blueprint,Chris          Jones/Jonathan Newman/Cara Williams,4.2,826414532,9780830000000.0,eng,608,50,1,6/20/2003,Bloomsbury Academic
5838,Mini-Manual of the Urban Guerrilla,Carlos Marighella,3.31,1894925025,9781890000000.0,en-US,66,127,13,09/09/2002,Abraham Guillen Press
5843,The Career Programmer: Guerilla Tactics for an Imperfect World (Expert's Voice),Christopher   Duncan,3.13,1590596242,9781590000000.0,en-US,264,37,7,02/01/2006,Apress
5845,A Bend in the River,V.S. Naipaul,3.77,330487140,9780330000000.0,eng,326,13147,690,05/10/2002,Picador USA
5848,The Middle Passage,V.S. Naipaul,3.61,375708340,9780380000000.0,en-US,256,461,35,01/08/2002,Vintage
5851,Magic Seeds,V.S. Naipaul,3.13,375707271,9780380000000.0,eng,280,715,104,11/08/2005,Vintage
5853,Half a Life,V.S. Naipaul,3.25,037570728X,9780380000000.0,eng,224,3078,301,4/23/2009,Vintage International
5855,North of South: An African Journey,Shiva Naipaul,3.89,140188266,9780140000000.0,eng,352,279,33,9/26/1996,Penguin Classics
5863,V.S. Naipaul,Bruce Alvin King,2.0,1403904561,9781400000000.0,eng,240,0,0,10/10/2003,Palgrave Macmillan
5874,Regeneration Through Violence: The Mythology of the American Frontier  1600–1860,Richard Slotkin,4.3,806132299,9780810000000.0,eng,670,163,16,4/15/2000,University of Oklahoma Press
5875,Regeneration (Species Imperative  #3),Julie E. Czerneda,4.13,756403456,9780760000000.0,en-US,543,54,2,05/02/2006,DAW Hardcover
5877,The Regeneration Trilogy (Regeneration  #1-3),Pat Barker,4.38,670869295,9780670000000.0,eng,592,1588,95,01/01/1996,Viking Books
5880,The Sparrow (The Sparrow  #1),Mary Doria Russell,4.16,552997773,9780550000000.0,eng,506,664,103,11/01/1997,Black Swan
5881,The Age of Bronze (Pirates of the Caribbean: Jack Sparrow  #5),Rob Kidd/Walt Disney Company,4.05,1423101685,9781420000000.0,eng,144,548,14,12/01/2006,Disney Press
5882,The Sword of Cortés (Pirates of the Caribbean: Jack Sparrow  #4),Rob Kidd/Jean-Paul Orpinas/Walt Disney Company,3.98,1423100611,9781420000000.0,en-US,122,644,14,10/01/2006,Disney Press
5883,The Pirate Chase (Pirates of the Caribbean: Jack Sparrow  #3),Rob Kidd/Walt Disney Company,3.89,1423100204,9781420000000.0,eng,119,730,20,08/01/2006,Disney Press
5885,The Siren Song (Pirates of the Caribbean: Jack Sparrow  #2),Rob Kidd/Jean-Paul Orpinas,3.86,1423100190,9781420000000.0,eng,123,859,27,06/01/2006,Disney Press
5886,The Coming Storm (Pirates of the Caribbean: Jack Sparrow  #1),Rob Kidd/Jean-Paul Orpinas,3.83,1423100182,9781420000000.0,en-US,135,1414,82,06/01/2006,Disney Press
5890,The Woman in White,Wilkie Collins/Matthew Sweet,4.0,141439610,9780140000000.0,eng,672,108060,5168,2/27/2003,Penguin Classics
5891,The Woman in White,Wilkie Collins,4.0,486440966,9780490000000.0,eng,504,136,28,4/15/2005,Dover Publications
5893,The Woman in White,Wilkie Collins/Maria K. Bachman/Don Richard Cox,4.0,1551116448,9781550000000.0,eng,696,122,15,4/20/2006,Broadview Press Inc
5896,The Woman in White,Wilkie Collins/Camille Cauti,4.0,1593082800,9781590000000.0,eng,635,624,136,4/25/2005,Barnes  Noble Classics
5898,The Lord of the Rings (The Lord of the Rings  #1-3),J.R.R. Tolkien,4.5,7136587,9780010000000.0,eng,1200,682,43,9/16/2002,Not Avail
5901,The 9/11 Commission Report: Final Report of the National Commission on Terrorist Attacks Upon the United States,National Commission on Terrorist Attacks Upon The United States,3.6,393060411,9780390000000.0,eng,624,146,16,10/17/2004,W. W. Norton  Company
5907,The Hobbit  or There and Back Again,J.R.R. Tolkien,4.27,618260307,9780620000000.0,eng,366,2530894,32871,8/15/2002,Houghton Mifflin
5910,The Annotated Hobbit,J.R.R. Tolkien/Douglas A. Anderson,4.27,7137273,9780010000000.0,eng,411,121,16,04/07/2003,HarperCollins
5911,Poems From The Hobbit,J.R.R. Tolkien,4.3,618009345,9780620000000.0,eng,57,169,5,12/13/1999,Houghton Mifflin Harcourt
5912,The Hobbit: Or There and Back Again,J.R.R. Tolkien,4.27,1594130051,9781590000000.0,eng,481,276,43,09/01/2003,Large Print Press
5915,The Hobbit,J.R.R. Tolkien,4.27,261103288,9780260000000.0,eng,277,3213,329,9/17/2007,HarperCollins
5918,Ruthless Rhymes for Heartless Homes and More Ruthless Rhymes,Harry Graham/Frank J. Moore/D. Streamer,3.86,486402185,9780490000000.0,eng,64,44,10,6/19/2013,Dover Publications
5931,The Essential Neruda: Selected Poems,Pablo Neruda/Mark Eisner/Lawrence Ferlinghetti/Robert Hass/Stephen Mitchell/Alastair Reid/Forrest Gander/Jack Hirschman/Stephen Kessler/John Felstiner,4.46,872864286,9780870000000.0,eng,200,5149,210,04/01/2004,City Lights Publishers
5932,Twenty Love Poems and a Song of Despair,Pablo Neruda/W.S. Merwin/Cristina García,4.3,143039962,9780140000000.0,eng,70,37942,1105,12/26/2006,Penguin Classics
5934,Veinte poemas de amor y una canción desesperada; Cien sonetos de amor,Pablo Neruda,4.3,1400001447,9781400000000.0,eng,160,1120,54,1/22/2002,Plaza y Janes
5937,Love,Pablo Neruda,4.46,786881488,9780790000000.0,eng,43,1333,68,6/16/1995,Miramax Books
5942,Anil's Ghost,Michael Ondaatje,3.57,375724370,9780380000000.0,eng,311,13022,1013,4/24/2001,Vintage
5952,Waiting for My Cats to Die: A Memoir,Stacy Horn,3.67,312287445,9780310000000.0,eng,320,177,28,1/17/2002,St. Martin's Griffin
5957,Narcissus and Goldmund,Hermann Hesse/Leila Vennewitz,4.2,720608724,9780720000000.0,eng,288,175,9,06/01/1993,Peter Owen Ltd
5966,Edward Lear's Book of Nonsense: With Lear's Original Illustrations,Edward Lear/Simcha Shtull,3.65,1888297018,9781890000000.0,eng,46,71,8,11/01/1995,Maxima New Media
5969,A Sparrow Falls (Courtney #3),Wilbur Smith,4.19,312940688,9780310000000.0,eng,640,5019,91,01/02/2007,St. Martin's Paperbacks
5970,Providence of a Sparrow: Lessons from a Life Gone to the Birds,Chris Chester,4.33,1400033853,9781400000000.0,eng,304,228,44,4/13/2004,Anchor
5974,Sparrow Hawk Red,Ben Mikaelsen,3.79,786811056,9780790000000.0,eng,185,1,0,04/01/1995,Little  Brown Books for Young Readers
5975,The Fall of a Sparrow,Robert Hellenga,3.69,684850273,9780680000000.0,eng,464,824,89,07/06/1999,Scribner
5976,The Bluebird and the Sparrow (Women of the West  #10),Janette Oke,3.83,764202537,9780760000000.0,en-US,251,78,9,08/01/2006,Bethany House Publishers
5981,Journey of the Sparrows,Fran Leeper Buss/Daisy Cubias,3.69,142302090,9780140000000.0,eng,160,205,25,12/30/2002,Puffin Books
5984,Aleutian Sparrow,Karen Hesse/Evon Zerbetz/Kim McGillivray,3.78,1416903275,9781420000000.0,eng,160,710,146,06/01/2005,Margaret K. McElderry Books
5985,An Episode of Sparrows,Rumer Godden,4.21,1590171241,9781590000000.0,en-GB,247,900,126,10/31/2004,The New York Review Children's Collection
5989,Li Po and Tu Fu: Poems,Li Bai/Du Fu/Arthur Cooper/Shui Chien-Tung,4.14,140442723,9780140000000.0,eng,256,389,28,4/26/1973,Penguin Classics
5991,混血王子的背叛 (哈利波特  #6),J.K. Rowling/J.K.羅琳/皇冠編譯組/張定綺/彭倩文/趙丕慧/林靜華,4.57,9573321742,9789570000000.0,zho,735,75,0,10/01/2005,皇冠文化出版有限公司
6003,火盃的考驗 (哈利波特  #4),J.K. Rowling/J.K.羅琳/彭倩文,4.56,9573318318,9789570000000.0,zho,768,91,2,12/08/2001,皇冠文化出版有限公司
6008,Five T'ang Poets,Wang Wei/Li Bai/Li Ho/Li Shang-yin/David        Young,4.3,093244055X,9780930000000.0,eng,184,169,21,10/08/1990,Oberlin College Press
6038,The End of Obscenity: The Trials of Lady Chatterley  Tropic of Cancer  and Fanny Hill,Charles Rembar,3.88,60970618,9780060000000.0,eng,528,11,0,12/01/1986,HarperCollins Publishers
6048,Juniper,Monica Furlong,4.16,394832205,9780390000000.0,eng,198,112,7,2/24/2004,Random House Children's Books
6057,The Long Road Back: A Survivor's Guide to Anorexia,Judy Tam Sargent/Sonia Nordenson,3.2,1880823195,9781880000000.0,en-GB,194,30,3,10/01/1998,North Star Publications (MA)
6058,The Road Back,Erich Maria Remarque,4.32,1931541744,9781930000000.0,eng,352,3146,99,12/01/2001,Simon Publications
6066,Robinson Crusoe,Daniel Defoe/L.J. Swingle,3.67,1593080115,9781590000000.0,eng,312,350,49,04/01/2003,Barnes & Noble Classics
6069,Achilles in Vietnam: Combat Trauma and the Undoing of Character,Jonathan Shay,4.25,684813211,9780680000000.0,en-US,272,1130,110,10/01/1995,Scribner
6076,The Work of Mourning,Jacques Derrida/Pascale-Anne Brault/Michael Naas,4.2,226142817,9780230000000.0,eng,272,167,7,9/15/2003,University of Chicago Press
6089,Transform Your Life: A step-by-step programme for change,Diana Cooper,4.0,749919442,9780750000000.0,eng,176,6,0,10/29/1998,Little  Brown Book Group
6106,A Short History of Byzantium,John Julius Norwich,4.09,679772693,9780680000000.0,eng,496,1772,142,12/29/1998,Vintage
6107,The Middle Sea: A History of the Mediterranean,John Julius Norwich,3.85,701176083,9780700000000.0,eng,588,662,53,10/31/2006,Chatto & Windus
6109,A History of Venice,John Julius Norwich,4.2,679721975,9780680000000.0,eng,673,1422,93,6/18/1989,Vintage
6110,The Normans in Sicily: The Normans in the South 1016-1130 and the Kingdom in the Sun 1130-1194,John Julius Norwich,4.34,140152121,9780140000000.0,eng,816,268,16,09/01/2004,Penguin Global
6112,Siddhartha,Hermann Hesse/Susan Bernofsky/Tom Robbins,4.02,679643362,9780680000000.0,eng,129,888,60,7/18/2006,Modern Library
6115,Siddhartha,Hermann Hesse/Joachim Neugroschel/Ralph Freedman,4.02,142437182,9780140000000.0,eng,132,1104,114,12/31/2002,Penguin Books
6129,Siddhartha,Hermann Hesse,4.02,2253008486,9782250000000.0,fre,160,590,29,10/31/1975,Le Livre de Poche
6138,The Moonstone,Wilkie Collins/Carolyn G. Heilbrun,3.91,375757856,9780380000000.0,eng,528,59709,2819,09/11/2001,Modern Library
6140,The Moonstone,Wilkie Collins,3.91,140620133,9780140000000.0,en-GB,464,349,44,10/24/1998,Penguin Books
6144,The Moonstone,Wilkie Collins/P.D. James,3.91,192100289,9780190000000.0,eng,576,74,6,06/10/1999,Oxford University Press  USA
6148,Ride of the Second Horseman: The Birth and Death of War,Robert L. O'Connell,4.29,195119207,9780200000000.0,eng,320,13,0,10/19/1997,Oxford University Press  USA
6149,Beloved,Toni Morrison,3.83,1400033411,9781400000000.0,eng,324,282045,9004,06/08/2004,Vintage
6150,Cry  the Beloved Country,Alan Paton,3.9,074326195X,9780740000000.0,eng,316,54558,2937,11/25/2003,Scribner
6151,Life of the Beloved: Spiritual Living in a Secular World,Henri J.M. Nouwen,4.28,824519868,9780820000000.0,eng,160,7551,498,10/01/2002,Crossroad
6152,Come Away My Beloved,Frances J. Roberts,4.58,1593109156,9781590000000.0,eng,192,8,0,10/01/2005,Barbour Books
6155,Israel  My Beloved,Kay Arthur,4.16,736903704,9780740000000.0,eng,448,681,83,3/15/2001,Harvest House Publishers
6156,Beloved Bride: The Letters of Stonewall Jackson to His Wife,Bill Potter/Stephen Lang,4.1,1929241631,9781930000000.0,eng,156,137,18,04/10/2003,Vision Forum
6157,The Search for the Beloved: Journeys in Mythology and Sacred Psychology (Inner Workbook),Jean Houston,3.95,874778719,9780870000000.0,en-US,272,18,2,6/30/1997,TarcherPerigee
6159,Reservation Blues,Sherman Alexie,3.98,802141900,9780800000000.0,eng,306,11163,772,02/07/2005,Grove Press
6163,The Border Trilogy: All the Pretty Horses  The Crossing  Cities of the Plain,Cormac McCarthy,4.44,375407936,9780380000000.0,eng,1040,4589,252,9/28/1999,Everyman's Library
6167,Music & Silence,Rose Tremain,3.95,743418263,9780740000000.0,eng,485,2923,214,05/01/2001,Washington Square Press
6173,The Periodic Table,Primo Levi,4.21,140296611,9780140000000.0,en-GB,194,101,10,01/01/2009,Penguin Group(CA)
6174,Survival in Auschwitz,Primo Levi/Stuart J. Woolf/Philip Roth,4.32,684826801,9780680000000.0,eng,187,29099,900,09/01/1995,Simon  Schuster
6175,The Reawakening,Primo Levi/Stuart J. Woolf,4.29,684826356,9780680000000.0,eng,230,1269,67,12/01/1995,Touchstone
6176,The Drowned and the Saved,Primo Levi,4.4,349100470,9780350000000.0,eng,170,3542,169,02/01/1989,Abacus
6180,The Monkey's Wrench,Primo Levi/William Weaver/Ruth Feldman/Ruth Tenzer Feldman,3.92,140188924,9780140000000.0,eng,192,601,34,07/01/1995,Penguin
6182,Primo Levi: A Life,Ian Thomson,4.11,312423675,9780310000000.0,eng,640,104,5,12/01/2004,Picador
6184,Wuthering Heights,Emily Brontë,3.85,140620125,9780140000000.0,eng,279,2155,182,1/13/2007,Penguin Books
6192,Disgrace,J.M. Coetzee,3.84,143036378,9780140000000.0,eng,220,61545,3916,8/30/2005,Penguin Books
6194,Waiting for the Barbarians,J.M. Coetzee,3.94,140283358,9780140000000.0,eng,152,18097,1029,10/01/1999,Penguin Books
6197,The Lives of Animals,J.M. Coetzee/Amy Gutmann/Peter Singer/Wendy Doniger/Barbara Smuts/Marjorie Garber,3.69,069107089X,9780690000000.0,eng,136,1930,139,05/06/2001,Princeton University Press
6198,Boyhood: Scenes from Provincial Life,J.M. Coetzee,3.79,014026566X,9780140000000.0,eng,166,3162,183,09/01/1998,Penguin Books
6200,Youth,J.M. Coetzee,3.79,142002003,9780140000000.0,eng,176,4931,261,10/07/2003,Penguin Books
6207,Age of Iron,J.M. Coetzee,3.84,140275657,9780140000000.0,eng,198,2976,207,09/01/1998,Penguin Books
6216,The Wife (Kristin Lavransdatter  #2),Sigrid Undset/Tiina Nunnally/Sherrill Harbison,4.15,141181281,9780140000000.0,eng,402,2116,164,11/01/1999,Penguin Classics
6217,Kristin Lavransdatter (Kristin Lavransdatter  #1-3),Sigrid Undset/Tiina Nunnally/Brad Leithauser,4.28,143039164,9780140000000.0,eng,1144,7210,926,9/27/2005,Penguin Books
6218,The Axe (The Master of Hestviken  #1),Sigrid Undset/Arthur G. Chater,4.21,679752730,9780680000000.0,eng,304,496,51,11/29/1994,Vintage
6219,The Cross (Kristin Lavransdatter  #3),Sigrid Undset/Tiina Nunnally/Sherrill Harbison,4.29,141182350,9780140000000.0,eng,366,1803,146,04/01/2000,Penguin Classics
6220,The Wreath (Kristin Lavransdatter  #1),Sigrid Undset/Tiina Nunnally,4.02,141180412,9780140000000.0,eng,305,3831,473,12/01/1997,Penguin Classics
6221,The Mistress of Husaby (Kristin Lavransdatter  #2),Sigrid Undset,4.15,394752937,9780390000000.0,en-US,384,167,30,05/12/1987,Vintage
6222,Jenny,Sigrid Undset/Tiina Nunnally,3.79,158642050X,9781590000000.0,eng,330,549,42,06/01/1998,Steerforth
6224,The Unknown Sigrid Undset: Jenny and Other Works,Sigrid Undset/Tim Page/Tiina Nunnally/Naomi Walford,4.19,1586420216,9781590000000.0,eng,406,48,9,12/31/2001,Steerforth Press
6226,Gunnar's Daughter,Sigrid Undset/Sherrill Harbison/Arthur G. Chater,4.18,014118020X,9780140000000.0,eng,161,848,79,04/01/1998,Penguin Classics
6227,The Snake Pit (The Master of Hestviken  #2),Sigrid Undset/Arthur G. Chater,4.23,679755543,9780680000000.0,eng,240,349,18,11/29/1994,Vintage
6230,The Son Avenger (The Master of Hestviken  #4),Sigrid Undset,4.4,679755527,9780680000000.0,en-US,288,275,19,6/24/1995,Vintage
6240,An Imaginary Life,David Malouf,3.88,99273845,9780100000000.0,eng,156,1552,144,02/05/1999,Vintage
6245,The Great World,David Malouf,3.88,99273861,9780100000000.0,eng,336,539,33,5/20/1999,Vintage
6253,A Very Long Engagement,Sébastien Japrisot,3.91,99474549,9780100000000.0,eng,320,79,16,01/06/2005,Vintage
6259,Birdsong,Sebastian Faulks,4.09,679776818,9780680000000.0,eng,483,57513,2306,06/02/1997,Vintage International
6273,The Collected Poems of Wilfred Owen,Wilfred Owen/Cecil Day-Lewis,4.34,811201325,9780810000000.0,eng,192,3151,106,1/17/1965,New Directions
6286,Murder in Foggy Bottom (Capital Crimes  #17),Margaret Truman,3.71,449001962,9780450000000.0,en-US,368,688,46,1/29/2002,Fawcett
6288,The Road,Cormac McCarthy,3.97,307265439,9780310000000.0,eng,241,606433,34301,9/26/2006,Alfred A. Knopf
6290,The Road to Serfdom,Friedrich A. Hayek,4.18,415253896,9780420000000.0,eng,272,258,23,03/09/2006,Routledge
6291,Road of the Patriarch (Forgotten Realms: The Sellswords  #3),R.A. Salvatore,4.19,786940751,9780790000000.0,eng,346,6274,78,12/20/2006,Wizards of the Coast
6293,Road Trip USA: Cross-Country Adventures on America's Two-Lane Highways,Jamie Jensen,3.96,1566917662,9781570000000.0,en-US,964,448,21,3/31/2006,Rick Steves
6294,Howl's Moving Castle (Howl's Moving Castle  #1),Diana Wynne Jones,4.29,006441034X,9780060000000.0,eng,329,161582,9026,08/01/2001,Harper Trophy
6295,Howl and Other Poems,Allen Ginsberg/William Carlos Williams,4.13,872863107,9780870000000.0,eng,56,85143,1284,01/01/2001,City Lights
6296,When Rabbit Howls,Truddi Chase/Robert A. Phillips,4.04,425183319,9780430000000.0,eng,400,262,32,02/05/2002,Berkley
6297,The Art of Howl's Moving Castle,Hayao Miyazaki/Yuji Oniki/Joe Hisaishi,4.51,1421500493,9781420000000.0,eng,256,2874,76,07/01/2005,VIZ Media LLC
6298,Howl: Original Draft Facsimile  Transcript & Variant Versions  Fully Annotated by Author  with Contemporaneous Correspondence,Allen Ginsberg/Barry Miles,4.22,61137456,9780060000000.0,eng,208,180,28,10/10/2006,Harper Perennial Modern Classics
6302,The Best of America's Test Kitchen 2007: The Year's Best Recipes  Equipment Reviews  and Tastings,America's Test Kitchen,4.35,1933615095,9781930000000.0,eng,312,193,7,09/01/2006,America's Test Kitchen
6310,Charlie and the Chocolate Factory (Charlie Bucket  #1),Roald Dahl/Quentin Blake,4.13,142403881,9780140000000.0,eng,176,558799,7239,06/02/2005,Puffin Books
6311,Charlie and the Chocolate Factory: A Play,Richard R. George/Roald Dahl,4.33,140311254,9780140000000.0,eng,89,2760,47,9/27/1979,Puffin Books
6316,Charlie and the Chocolate Factory (Abridged),Roald Dahl,3.86,142404209,9780140000000.0,en-US,40,12,2,06/02/2005,Puffin
6326,Collected Stories,Roald Dahl/Jeremy Treglown,4.39,307264904,9780310000000.0,eng,850,346,43,10/17/2006,Alfred A. Knopf
6329,Roald Dahl Treasury,Roald Dahl,4.43,067003665X,9780670000000.0,eng,448,2143,65,9/15/2003,Viking Juvenile
6332,Dirty Beasts,Roald Dahl/Quentin Blake,4.01,142302279,9780140000000.0,eng,32,4075,121,10/14/2002,Puffin Books
6334,Never Let Me Go,Kazuo Ishiguro,3.82,1400078776,9781400000000.0,eng,288,380646,22957,8/31/2010,Vintage Books
6335,Never Let Me Go,Kazuo Ishiguro,3.82,676977111,9780680000000.0,eng,288,1177,163,1/31/2006,Vintage Books
6339,Never Let Me Go,Kazuo Ishiguro/Rosalyn Landor,3.82,1415916292,9781420000000.0,eng,10,323,120,04/12/2005,Books on Tape
6340,Homeric Moments: Clues to Delight in Reading the Odyssey and the Iliad,Eva Brann,4.3,967967570,9780970000000.0,eng,326,118,13,09/01/2002,Paul Dry Books
6341,Paradoxes of Education in a Republic,Eva Brann,4.28,226071367,9780230000000.0,eng,178,29,3,8/15/1989,University of Chicago Press
6342,The Music of the Republic: Essays on Socrates' Conversations and Plato's Writings,Eva Brann,4.58,1589880080,9781590000000.0,eng,378,20,2,03/01/2004,Paul Dry Books
6343,Open Secrets / Inward Prospects: Reflections on World and Soul,Eva Brann,4.42,1589880196,9781590000000.0,eng,435,10,1,10/01/2004,Paul Dry Books
6346,Phaedo,Plato/Eva Brann/Peter Kalkavage/Eric Salem,4.04,941051692,9780940000000.0,eng,118,94,12,09/01/1998,Focus
6360,Rocky Stories: Tales of Love  Hope  and Happiness at America's Most Famous Steps,Michael Vitez/Tom Gralish/Sylvester Stallone,4.16,1589880293,9781590000000.0,eng,144,31,4,11/01/2006,Paul Dry Books
6366,My Heart May Be Broken  but My Hair Still Looks Great (Domestic Equalizers #2),Dixie Cash,3.88,61134236,9780060000000.0,eng,336,1226,120,8/29/2006,William Morrow Paperbacks
6367,Since You're Leaving Anyway  Take Out the Trash (Domestic Equalizers #1),Dixie Cash,3.81,60595361,9780060000000.0,eng,384,1614,167,8/31/2004,Avon
6388,The Da Vinci Code (Robert Langdon  #2),Dan Brown,3.84,385504217,9780390000000.0,eng,522,2780,334,3/18/2003,Doubleday Publishing (NY)
6407,Blessings from the Other Side: Wisdom and Comfort from the Afterlife for This Life,Sylvia Browne/Lindsay Harrison,3.98,451206703,9780450000000.0,en-US,208,37,2,10/01/2002,NAL
6414,Mother God: The Feminine Principle to Our Creator,Sylvia Browne,4.05,1401903096,9781400000000.0,en-US,128,469,30,02/01/2004,Hay House
6418,Thanksgiving,Janet Evanovich,3.6,60598808,9780060000000.0,eng,228,10637,474,10/31/2006,HarperTorch
6419,Plum Lovin' (Stephanie Plum  #12.5),Janet Evanovich,3.72,312306342,9780310000000.0,eng,164,47315,1446,01/09/2007,St. Martin's Press
6422,Four to Score (Stephanie Plum  #4),Janet Evanovich,4.17,312966970,9780310000000.0,eng,313,117541,2502,6/15/1999,St. Martin's Press
6424,Seven Up (Stephanie Plum  #7),Janet Evanovich,4.16,312980140,9780310000000.0,en-US,337,103618,1820,6/17/2002,St. Martin's Press
6425,Hard Eight (Stephanie Plum  #8),Janet Evanovich/Lorelei King,4.17,312983867,9780310000000.0,eng,326,101730,1878,6/16/2003,St. Martin's Press
6426,Motor Mouth (Alex Barnaby #2),Janet Evanovich,3.68,60584033,9780060000000.0,eng,312,22251,671,10/03/2006,HarperCollins
6438,A Supposedly Fun Thing I'll Never Do Again: Essays and Arguments,David Foster Wallace,4.25,316919896,9780320000000.0,eng,353,722,110,02/01/1997,Little  Brown
6440,Ivanhoe,Walter Scott/Graham Tulloch,3.75,140436588,9780140000000.0,eng,541,73757,1571,3/30/2000,Penguin Books /Penguin Classics
6441,Ivanhoe,Marianna Mayer/Walter Scott/John Rush,3.96,1587172488,9781590000000.0,en-US,56,178,22,10/07/2004,Chronicle Books
6459,Me and Jezebel: When Bette Davis Came for Dinner -- And Stayed ... And Stayed ... And Stayed ... And ...,Elizabeth L. Fuller,3.73,425132641,9780430000000.0,eng,244,30,5,05/01/1992,Berkley
6460,George Washington and Benedict Arnold: A Tale of Two Patriots,Dave R. Palmer,4.27,1596980206,9781600000000.0,eng,424,242,37,08/01/2006,Regnery History
6462,His Excellency: George Washington,Joseph J. Ellis,3.92,1400032539,9781400000000.0,eng,320,32978,1112,11/08/2005,Vintage
6466,George Washington's Rules of Civility & Decent Behavior in Company and Conversation (Little Books of Wisdom),George Washington,4.08,155709103X,9781560000000.0,eng,30,835,113,08/01/1989,Applewood Books
6475,George Washington's Sacred Fire,Peter A. Lillback/Jerry Newcombe,4.18,978605268,9780980000000.0,eng,1200,694,63,5/31/2011,Providence Forum Press
6480,Waverley,Walter Scott/Claire Lamont,3.43,192836013,9780190000000.0,eng,463,69,8,8/20/1998,Oxford University Press
6482,The Antiquary,Walter Scott/Nicola J. Watson,3.83,192831879,9780190000000.0,eng,528,354,37,5/23/2002,Oxford University Press
6483,Rob Roy,Walter Scott/Lockhart Bogle,3.7,375760601,9780380000000.0,eng,576,26,1,07/09/2002,Modern Library
6505,Prozac Nation,Elizabeth Wurtzel,3.59,1573229628,9781570000000.0,eng,384,895,78,04/02/2002,Riverhead Books
6511,Girl  Interrupted: Screenplay based on the book,James Mangold/Anna Hamilton Phelan/Lisa Loomer/Susanna Kaysen,4.02,057120211X,9780570000000.0,eng,167,253,15,2/21/2000,Faber & Faber
6524,How to Write a Damn Good Novel: A Step-by-Step No Nonsense Guide to Dramatic Storytelling,James N. Frey,3.86,312010443,9780310000000.0,eng,192,2152,155,12/15/1987,St. Martin's Press
6526,Book of the Dead (Kay Scarpetta  #15),Patricia Cornwell,3.65,399153934,9780400000000.0,eng,511,23107,1295,11/01/2007,Putnam Adult
6527,At Risk (Winston Garano  #1),Patricia Cornwell,3.41,399153624,9780400000000.0,eng,212,422,47,5/23/2006,G. P. Putnam's Sons
6528,Predator (Kay Scarpetta  #14),Patricia Cornwell,3.68,425210278,9780430000000.0,eng,453,23630,842,10/01/2006,Berkley Publishing Group
6530,Trace (Kay Scarpetta  #13),Patricia Cornwell,3.78,425204200,9780430000000.0,eng,401,25822,729,6/28/2005,Berkley
6534,Postmortem (Kay Scarpetta  #1),Patricia Daniels Cornwell/Patricia Cornwell,4.02,743477154,9780740000000.0,eng,342,193117,2123,12/30/2003,Pocket Books
6536,Three Complete Novels: Postmortem / Body Of Evidence / All That Remains (Kay Scarpetta  #1  #2  #3),Patricia Cornwell,4.29,765191121,9780770000000.0,en-US,822,476,16,10/01/1997,Smithmark Publishers
6537,From Potter's Field (Kay Scarpetta  #6),Patricia Cornwell,4.04,425204693,9780430000000.0,eng,383,46084,614,8/30/2005,Berkley Books
6539,The Body Farm (Kay Scarpetta  #5),Patricia Cornwell,4.05,425201449,9780430000000.0,eng,351,57415,920,12/28/2004,Berkley
6540,Trace (Kay Scarpetta  #13),Patricia Cornwell/Carolyn McCormick,3.78,143058320,9780140000000.0,en-US,11,46,8,08/04/2005,Penguin Audio
6541,Cause of Death (Kay Scarpetta  #7),Patricia Cornwell/C.J. Critt,3.93,425213382,9780430000000.0,eng,356,38823,625,01/02/2007,Berkley Books
6542,The Patricia Cornwell CD Audio Treasury: All That Remains / Cruel & Unusual (Kay Scarpetta  #3  #4),Patricia Cornwell/Kate Burton,4.16,60791217,9780060000000.0,eng,0,202,1,7/26/2005,HarperAudio
6543,At Risk (Winston Garano  #1),Patricia Cornwell,3.41,425214761,9780430000000.0,en-US,289,10084,598,04/03/2007,Berkley Books
6544,The Scarpetta Collection: All That Remains / Cruel & Unusual (Kay Scarpetta  #3  #4),Patricia Cornwell,4.16,074325581X,9780740000000.0,eng,672,30,2,11/11/2003,Scribner
6545,In the Dark of the Night,John Saul,3.88,034548701X,9780350000000.0,eng,324,4278,178,7/18/2006,Ballantine Books
6546,Perfect Nightmare,John Saul,3.89,345467329,9780350000000.0,eng,384,3721,236,4/25/2006,Ballantine Books
6549,  said the shotgun to the head.,Saul Williams,4.22,743470796,9780740000000.0,en-US,192,2762,214,09/01/2003,MTV Books
6550,Early Color,Saul Leiter/Martin Harrison,4.73,3865211399,9783870000000.0,eng,156,144,8,1/15/2006,Steidl
6551,Herzog,Saul Bellow/Philip Roth,3.78,142437298,9780140000000.0,eng,371,16550,813,2/25/2003,Penguin Classics
6552,Midnight Voices,John Saul/Joe Blades,3.75,449006530,9780450000000.0,eng,384,2756,142,03/04/2003,Ballantine Books
6553,The Manhattan Hunt Club,John Saul,3.98,345490649,9780350000000.0,eng,384,4889,221,3/28/2006,Ballantine Books
6556,Shadows,John Saul,3.93,553560271,9780550000000.0,eng,393,10824,185,05/01/1993,Bantam
6557,The Presence,John Saul,3.76,449002411,9780450000000.0,eng,432,2699,90,4/29/1998,Ballantine Books
6562,Creature,John Saul,3.84,553284118,9780550000000.0,eng,416,10047,152,01/01/1997,Bantam
6568,Asylum (Blackstone Chronicles  #6),John Saul,4.1,449227944,9780450000000.0,eng,97,932,24,06/03/1997,Fawcett
6572,Suffer the Children,John Saul,3.91,044018293X,9780440000000.0,en-US,378,28001,301,07/01/1989,Dell
6588,The Big Bad Wolf  (Alex Cross  #9),James Patterson/مریم کاظمی‌تبار,3.99,446610224,9780450000000.0,eng,400,42096,945,10/01/2004,Grand Central Publishing
6595,Big Bad Wolf,Linda Jones,3.8,505521792,9780510000000.0,eng,359,123,6,2/27/1997,Love Spell
6611,Why Do Men Fall Asleep After Sex? More Questions You'd Only Ask a Doctor After Your Third Whiskey Sour,Mark Leyner/Billy Goldberg,3.55,307345971,9780310000000.0,eng,263,1166,112,08/01/2006,Three Rivers Press
6613,Four Blondes,Candace Bushnell,2.82,080213825X,9780800000000.0,eng,256,23409,877,06/08/2001,Grove Press
6614,Lipstick Jungle,Candace Bushnell,3.41,786887079,9780790000000.0,eng,496,37514,780,08/08/2006,Hachette Books
6615,Lipstick Jungle,Candace Bushnell,3.41,786893966,9780790000000.0,eng,532,422,48,04/01/2007,Hachette Books
6618,The Easy Way to Stop Smoking: Join the Millions Who Have Become Nonsmokers Using the Easyway Method,Allen Carr,4.3,1402718616,9781400000000.0,eng,224,3510,510,9/23/2004,Sterling
6619,Teach Your Child to Read in 100 Easy Lessons,Siegfried Engelmann/Phyllis Haddox/Elaine Bruner,4.17,671631985,9780670000000.0,en-US,395,2207,271,6/15/1986,Touchstone
6624,It's Not Easy Being Green: And Other Things to Consider,Jim Henson/Cheryl Henson,4.2,1401302424,9781400000000.0,eng,197,1409,168,9/14/2005,Hyperion
6625,Playing Easy to Get (B.A.D. Agency #1.5; Vikings Underground #3; Immortals After Dark #1),Sherrilyn Kenyon/Jaid Black/Kresley Cole,4.13,1416510877,9781420000000.0,eng,352,12509,340,02/07/2006,Gallery Books
6628,The Big Over Easy (Nursery Crime  #1),Jasper Fforde,3.94,143037234,9780140000000.0,eng,383,27137,1885,7/25/2006,Penguin
6635,The Enneagram Made Easy: Discover the 9 Types of People,Renee Baron/Elizabeth Wagele,3.82,62510266,9780060000000.0,eng,161,1844,171,03/11/1994,HarperSanFrancisco
6640,It's Easy Being Green: A Handbook for Earth-Friendly Living,Crissy Trask/Mike Clelland,3.55,158685772X,9781590000000.0,eng,168,330,48,1/23/2006,Gibbs Smith
6644,Le Divorce,Diane Johnson,2.88,452284481,9780450000000.0,eng,320,3602,295,07/01/2003,Plume
6654,Divine Conspiracy: Rediscovering Our Hidden Life in God,Dallas Willard,4.22,6281141,9780010000000.0,en-US,384,52,2,10/05/1998,Fount
6655,The Divine Comedy,Dante Alighieri/John Ciardi,4.07,451208633,9780450000000.0,eng,895,3127,205,5/27/2003,NAL
6656,The Divine Comedy,Dante Alighieri/Allen Mandelbaum/Eugenio Montale,4.07,679433139,9780680000000.0,eng,798,86527,2004,08/01/1995,Everyman's Library
6657,Divine,Karen Kingsbury,4.28,141430935X,9781410000000.0,eng,355,9043,424,5/17/2007,Tyndale House Publishers
6658,When the Emperor Was Divine,Julie Otsuka,3.73,141009055,9780140000000.0,en-US,160,180,27,01/12/2004,Penguin
6659,Complete Divine (Dungeons & Dragons Edition 3.5),David Noonan,3.64,786932724,9780790000000.0,eng,191,803,8,05/01/2004,Wizards of the Coast
6660,A Divine Revelation of Hell,Mary K. Baxter/T.L. Lowery,4.18,883682796,9780880000000.0,eng,208,1164,154,01/01/1993,Whitaker House
6667,Boy: Tales of Childhood (Roald Dahl's Autobiography  #1),Roald Dahl/Quentin Blake,4.1,141311401,9780140000000.0,eng,176,45253,1934,04/05/2001,Puffin Books
6668,The Enormous Crocodile,Roald Dahl/Quentin Blake,3.78,142302457,9780140000000.0,eng,32,13986,525,3/24/2003,Puffin
6670,The Magic Finger,Roald Dahl/Quentin Blake,3.68,141311290,9780140000000.0,eng,67,23558,1092,04/05/2001,Puffin Books
6671,The Wonderful Story of Henry Sugar and Six More,Roald Dahl,4.14,037581423X,9780380000000.0,eng,240,15116,663,09/11/2001,Knopf Books for Young Readers
6677,The Gremlins,Roald Dahl/Artists and Writers Guild/Walt Disney Company/Leonard Maltin,3.44,1593074964,9781590000000.0,eng,56,511,65,9/26/2006,Dark Horse Books
6678,Going Solo (Roald Dahl's Autobiography  #2),Roald Dahl/Quentin Blake,4.08,141311428,9780140000000.0,eng,209,17327,992,04/05/2001,Puffin
6680,Gumbo Ya-Ya: A Collection of Louisiana Folk Tales,Lyle Saxon/Edward Dreyer/Robert Tallant,4.04,882896458,9780880000000.0,eng,640,307,23,5/31/1987,Pelican Publishing
6689,James and the Giant Peach,Roald Dahl/Quentin Blake,4.01,375814248,9780380000000.0,eng,146,328542,4733,09/10/2002,Alfred A. Knopf
6690,Danny the Champion of the World,Roald Dahl/Quentin Blake,4.09,375814256,9780380000000.0,eng,224,46753,1672,02/12/2002,Knopf Books for Young Readers
6691,My Uncle Oswald,Roald Dahl,3.89,140055770,9780140000000.0,eng,208,8170,620,05/01/1986,Penguin (Non-Classics)
6693,Fantastic Mr. Fox,Roald Dahl/Quentin Blake,4.05,375822070,9780380000000.0,eng,96,83723,2503,06/11/2002,Knopf Books for Young Readers
6694,The Giraffe and the Pelly and Me,Roald Dahl/Quentin Blake,3.82,140568190,9780140000000.0,eng,32,17232,713,11/29/2001,Puffin
6708,The Power of Now: A Guide to Spiritual Enlightenment,Eckhart Tolle,4.13,1577314808,9781580000000.0,eng,229,159883,7012,8/19/2004,New World Library
6721,Wild Things: Four Tales,Douglas Clegg,3.58,1587671565,9781590000000.0,eng,97,67,8,10/01/2006,Cemetery Dance Publications
6745,Wild Things (Prowlers Book 1),Christopher Golden,4.03,074344017X,9780740000000.0,eng,311,7,0,04/07/2003,Pocket Books
6748,A Supposedly Fun Thing I'll Never Do Again:  Essays and Arguments,David Foster Wallace,4.25,316925284,9780320000000.0,eng,353,27674,2030,02/02/1998,Back Bay Books
6749,Oblivion,David Foster Wallace,4.07,316010766,9780320000000.0,eng,329,10633,701,8/30/2005,Back Bay Books
6751,Consider the Lobster and Other Essays,David Foster Wallace,4.23,316156116,9780320000000.0,eng,343,32876,2406,12/13/2005,Little  Brown and Company
6753,Brief Interviews with Hideous Men,David Foster Wallace,3.86,034911188X,9780350000000.0,eng,273,18335,1155,04/01/2000,Abacus
6763,Diabetes Meal Planning Made Easy,Hope S. Warshaw/Warshaw Hope,3.42,1580402518,9781580000000.0,eng,301,33,4,10/15/2006,American Diabetes Association
6764,Easy French Reader,R. de Roussy de Sales,3.85,71428488,9780070000000.0,eng,228,297,33,9/17/2003,McGraw-Hill Education
6781,Algebra the Easy Way,Douglas Downing,4.06,764119729,9780760000000.0,eng,392,23,2,01/01/2003,Barrons Educational Series
6793,Easy Riders  Raging Bulls,Peter Biskind,4.12,684857081,9780680000000.0,eng,512,5305,341,04/04/1999,Simon  Schuster
6794,Cloud Atlas,David Mitchell,4.02,340822783,9780340000000.0,eng,529,6985,957,2/21/2005,Sceptre
6795,The Cloud Atlas,Liam Callanan,3.38,385336950,9780390000000.0,en-GB,368,1748,260,08/01/2004,Dial Press
6800,Easy Labor: Every Woman's Guide to Choosing Less Pain and More Joy During Childbirth,William Camann/Kathryn    Alexander,3.45,345476638,9780350000000.0,eng,311,234,77,1/31/2006,Ballantine Books
6810,The McDougall Quick and Easy Cookbook,John A. McDougall/Mary McDougall,4.01,452276969,9780450000000.0,eng,336,308,20,04/01/1999,Plume
6815,American Sign Language The Easy Way,David A. Stewart/Jessalyn Little/Elizabeth     Stewart,3.75,764134280,9780760000000.0,eng,480,34,6,11/01/2006,Barrons Educational Series
6819,Ghostwritten,David Mitchell,4.05,375724508,9780380000000.0,eng,426,20880,1728,10/09/2001,Vintage
6823,Romeo & Juliet,William Shakespeare/Alan Durband,3.74,748702555,9780750000000.0,eng,288,179,4,01/01/1993,Nelson Thornes Ltd
6838,Easy Prey (Lucas Davenport  #11),John Sandford,4.08,743484185,9780740000000.0,eng,480,11676,341,06/01/2004,Simon & Schuster
6851,Mayada  Daughter of Iraq: One Woman's Survival Under Saddam Hussein,Jean Sasson,4.0,451212924,9780450000000.0,eng,368,4208,298,09/07/2004,Berkley Books
6854,Three to Get Deadly (Stephanie Plum  #3),Janet Evanovich,4.15,312966091,9780310000000.0,eng,321,125114,2883,7/15/1998,St. Martin's Press
6855,Smitten (Elsie Hawkins #2),Janet Evanovich,3.67,60598875,9780060000000.0,eng,234,11968,387,7/25/2006,HarperTorch
6856,Manhunt,Janet Evanovich,3.7,60598824,9780060000000.0,eng,219,12152,449,11/29/2005,HarperTorch
6857,Three Plums In One (Stephanie Plum  #1-3),Janet Evanovich,4.31,743216393,9780740000000.0,eng,1016,2983,168,4/26/2001,Scribner
6858,Hot Six (Stephanie Plum  #6),Janet Evanovich,4.19,312976275,9780310000000.0,eng,336,108961,2082,6/15/2001,St. Martin's Paperbacks
6862,Amsterdam,Ian McEwan,3.43,385494246,9780390000000.0,eng,208,35998,2445,11/02/1999,Anchor Books/Knopf Doubleday Publishing Group
6866,Fodor's Amsterdam (Fodor's Gold Guides),Fodor's Travel Publications Inc./Sarah Gold,3.43,1400016088,9781400000000.0,eng,288,6,0,04/06/2004,Fodor's
6869,The Child in Time,Ian McEwan,3.58,385497520,9780390000000.0,eng,263,8285,543,11/02/1999,Anchor
6870,Enduring Love,Ian McEwan,3.63,99481243,9780100000000.0,eng,245,30776,1515,10/28/2004,Vintage
6871,Black Dogs,Ian McEwan,3.44,385494327,9780390000000.0,eng,149,7938,490,12/29/1998,Anchor
6872,The Comfort of Strangers,Ian McEwan,3.41,679749845,9780680000000.0,eng,128,11116,836,11/01/1994,Anchor
6876,And the Envelope  Please...: Ever After / An Affair To Remember / It Happened One Night,Barbara Bretton/Emilie Rose/Isabel Sharpe,3.57,373836937,9780370000000.0,eng,279,7,1,02/07/2006,Harlequin Anthologies
6896,Las rubias de 5th Avenue,Plum Sykes,3.28,8497935888,9788500000000.0,spa,304,5,0,2/28/2005,Debolsillo
6899,Tuesdays with Morrie,Mitch Albom,4.1,307275639,9780310000000.0,en-US,192,5541,498,6/29/2007,Anchor Books
6902,La Dernière Leçon,Mitch Albom,4.1,785930736,9780790000000.0,fre,209,3,1,01/01/2001,French & European Pubns
6903,My Sister's Keeper,Mavis Applewater,3.86,097441218X,9780970000000.0,eng,252,89,2,03/09/2004,Limitless Corporation
6904,My Sister's Keeper (Gillian Adams  #2),Nora Kelly,3.7,1890208280,9781890000000.0,eng,228,22,2,02/01/2000,Poisoned Pen Press
6905,Their Sisters' Keepers: Women's Prison Reform in America  1830-1930,Estelle B. Freedman,4.27,472080520,9780470000000.0,eng,272,22,2,04/04/1984,University of Michigan Press
6919,Baby's Alphabet,Jean Marzollo/Nancy Sheehan,3.75,761316434,9780760000000.0,eng,32,4,0,08/01/2002,Roaring Brook Press
6925,Welcome to the Monkey House,Kurt Vonnegut Jr./David Strathairn/Maria Tucci/Bill Irwin/Tony    Roberts/Dylan Baker,4.15,60898712,9780060000000.0,en-US,9,61,11,5/23/2006,Caedmon
6932,What Color Is Your Parachute? A Practical Manual for Job-Hunters and Career-Changers,Richard Nelson Bolles,3.7,1580087949,9781580000000.0,eng,382,4171,161,09/01/2006,Ten Speed Press
6937,You Can Have What You Want: Proven Strategies for Inner and Outer Success,Michael Neill,4.14,1401911838,9781400000000.0,en-US,240,21,1,10/15/2006,Hay House
6952,Like Water for Chocolate,Laura Esquivel/Thomas  Christensen/Carol Christensen,3.95,552995878,9780550000000.0,eng,222,283199,4997,9/16/1993,Black Swan
6953,Like Water for Chocolate,Laura Esquivel/Yareli Arizmendi,3.95,739334190,9780740000000.0,eng,0,121,33,05/02/2006,Random House Audio
6954,Como agua para chocolate,Laura Esquivel,3.95,785731237,9780790000000.0,spa,248,11,2,06/01/1994,Turtleback Books
6956,The Radicalism of the American Revolution,Gordon S. Wood,4.06,679736883,9780680000000.0,eng,447,4246,195,03/02/1993,Vintage
6969,Emma,Jane Austen/Fiona Stafford,4.0,141439580,9780140000000.0,eng,474,549271,11117,05/06/2003,Penguin Books
6970,Prince of Ice (Tale of the Demon World  #3),Emma Holly,3.99,425212599,9780430000000.0,en-US,294,1335,59,11/07/2006,Berkley Sensation
6971,Emma Lazarus,Esther Schor,3.88,805242163,9780810000000.0,eng,368,30,7,09/05/2006,Schocken
6974,Strange Attractions,Emma Holly,3.68,425205037,9780430000000.0,en-US,312,1221,66,11/01/2005,Berkley Books
6976,The Mermaid Chair,Sue Monk Kidd,3.13,143036696,9780140000000.0,eng,368,68363,5816,03/07/2006,Penguin Books
6980,The Dance of the Dissident Daughter: A Woman's Journey from Christian Tradition to the Sacred Feminine,Sue Monk Kidd,3.95,61144908,9780060000000.0,en-US,253,572,70,12/26/1996,HarperOne
6981,When the Heart Waits: Spiritual Direction for Life's Sacred Questions,Sue Monk Kidd,4.13,61144894,9780060000000.0,eng,240,2366,231,10/11/2016,HarperOne
6984,With Open Hands,Henri J.M. Nouwen/Sue Monk Kidd,4.3,1594710643,9781590000000.0,en-US,125,782,76,04/01/2006,Ave Maria Press
6987,Saxons  Vikings  and Celts: The Genetic Roots of Britain and Ireland,Bryan Sykes,3.86,393062686,9780390000000.0,eng,320,1033,171,12/17/2006,W. W. Norton  Company
6988,Yeah  I Said It,Wanda Sykes,3.71,743482719,9780740000000.0,en-US,247,458,66,9/13/2005,Atria Books
6992,The Seven Daughters Of Eve,Bryan Sykes,3.98,552152188,9780550000000.0,eng,368,153,14,07/01/2002,Corgi
6994,Dumbing Down Our Kids: Why American Children Feel Good About Themselves But Can't Read  Write or Add,Charles J. Sykes,3.71,312148232,9780310000000.0,eng,352,169,29,9/15/1996,St. Martin's Griffin
7003,If I Don't Write It Nobody Else Will: An Autobiography,Eric Sykes,3.88,7177844,9780010000000.0,eng,512,25,2,05/01/2006,Fourth Estate
7006,Hamlet,William Shakespeare,4.02,1411400429,9781410000000.0,eng,352,9,2,07/03/2003,SparkNotes
7007,William Shakespeare's A Midsummer Night's Dream (Cliffs Complete),CliffsNotes/Michael McMahon,3.89,764587250,9780760000000.0,eng,192,38,3,4/29/2001,Cliffs Notes
7009,A Midsummer Night's Dream,William Shakespeare,3.94,451526961,9780450000000.0,eng,162,2167,101,05/01/1998,Signet Book
7010,A Midsummer Night's Dream,William Shakespeare/Amanda Root/Arkangel Cast/Roy Hudd/David Harewood,3.94,1932219242,9781930000000.0,eng,3,62,6,05/03/2005,AudioGO
7011,A Midsummer Night's Dream,William Shakespeare/Roma Gill/B. Litt,3.94,198321503,9780200000000.0,eng,102,126,7,7/28/2005,Oxford University Press  USA
7015,A Midsummer Night's Dream,William Shakespeare/Roma Gill,3.94,198320213,9780200000000.0,eng,99,14,3,8/15/2002,Oxford University Press  USA
7023,The Burning (Guardians of Ga'Hoole  #6),Kathryn Lasky/Richard Cowdrey,4.08,439405629,9780440000000.0,eng,224,9175,157,11/01/2004,Scholastic Paperbacks
7027,The Siege (Guardians of Ga'Hoole  #4),Kathryn Lasky,4.1,439405602,9780440000000.0,eng,203,9256,196,05/01/2004,Scholastic  Inc.
7034,In the Company of Cheerful Ladies (No. 1 Ladies' Detective Agency  #6),Alexander McCall Smith,4.08,140007570X,9781400000000.0,eng,256,1070,73,3/14/2006,Anchor
7035,Morality for Beautiful Girls (No. 1 Ladies' Detective Agency #3),Alexander McCall Smith,3.98,1400031362,9781400000000.0,eng,227,33028,1493,11/12/2002,Random House Anchor
7037,In the Company of Cheerful Ladies (No. 1 Ladies' Detective Agency  #6),Alexander McCall Smith/Lisette Lecat,4.08,1419311743,9781420000000.0,eng,10,133,23,03/02/2005,Recorded Books  Inc.
7041,The Full Cupboard of Life (No. 1 Ladies' Detective Agency  #5),Alexander McCall Smith,4.02,375422188,9780380000000.0,eng,198,480,28,4/20/2004,Pantheon Books
7045,The Tale of Genji,Murasaki Shikibu/Edward G. Seidensticker,3.72,394735307,9780390000000.0,en-US,1090,317,55,07/12/1978,Alfred A. Knopf
7048,The Tale of Genji,Yoshitaka Amano/Murasaki Shikibu/Rachel Nacth/Anri Itō/Junichi Imura,4.05,1595820639,9781600000000.0,eng,81,475,37,08/08/2006,Dark Horse Books
7050,The Tale of Genji: Scenes from the World's First Novel (Illustrated Japanese Classics),Murasaki Shikibu/Masayuki Miyata/Jakuchō Seitouchi/Donald Keene/H. Mack Horton/Ayako Watanabe/Michiko Hiraoka,3.74,4770027729,9784770000000.0,eng,238,46,5,10/26/2001,Kodansha America
7052,Blue Shoes and Happiness (No. 1 Ladies' Detective Agency  #7),Alexander McCall Smith,4.06,375422722,9780380000000.0,eng,227,386,37,4/18/2006,Pantheon
7053,In the Company of Cheerful Ladies (No. 1 Ladies' Detective Agency #6),Alexander McCall Smith,4.08,375422714,9780380000000.0,eng,233,22026,912,4/19/2005,Pantheon
7054,Ein Gentleman für Mma Ramotswe (No. 1 Ladies' Detective Agency  #2),Alexander McCall Smith,3.96,3485009024,9783490000000.0,ger,238,11,3,02/01/2002,Nymphenburger
7055,Ein Koch für Mma Ramotswe (No. 1 Ladies' Detective Agency  #3),Alexander McCall Smith,3.98,3485009601,9783490000000.0,ger,240,2,2,02/01/2003,Nymphenburger
7058,The Good Husband of Zebra Drive (No. 1 Ladies' Detective Agency #8),Alexander McCall Smith,4.07,375422730,9780380000000.0,eng,213,20290,974,4/17/2007,Pantheon Books
7061,The No. 1 Ladies' Detective Agency (No. 1 Ladies' Detective Agency #1),Alexander McCall Smith,3.78,1400034779,9781400000000.0,eng,235,208669,9489,02/06/2003,Anchor Books
7062,Paris to the Moon,Adam Gopnik,3.76,375758232,9780380000000.0,eng,368,12356,941,09/11/2001,Random House Trade Paperbacks
7064,The Belly of Paris (Les Rougon-Macquart  #3),Émile Zola/Ernest Alfred Vizetelly/Henry Vizetelly,3.91,1557130663,9781560000000.0,eng,397,8,1,12/01/1995,Sun and Moon Press
7071,My Movie Business: A Memoir,John Irving,3.34,345441303,9780350000000.0,eng,222,1113,60,10/10/2000,Ballantine Books
7076,Setting Free the Bears / The Water-Method Man / The 158-Pound Marriage,John Irving,3.83,517146541,9780520000000.0,eng,718,304,8,5/21/1995,Wings
7078,The Headmaster's Papers,Richard A. Hawley/John Irving,3.99,839731949,9780840000000.0,eng,240,11,4,09/01/2002,Paul S. Eriksson
7086,Blade Runner,Philip K. Dick,4.08,345323882,9780350000000.0,eng,216,49,5,07/12/1987,Del Rey
7089,The Android (Animorphs  #10),K.A. Applegate/Katherine Applegate,3.77,590997300,9780590000000.0,eng,170,3856,119,09/01/1997,Scholastic  Inc.
7090,The Soul of a New Machine,Tracy Kidder,4.11,316491977,9780320000000.0,eng,293,5480,438,06/01/2000,Back Bay Books
7092,No Better Place to Die: The Battle Of Stones River,Peter Cozzens,4.17,252062299,9780250000000.0,eng,282,273,21,07/01/1991,University of Illinois Press
7093,Never Call Retreat,Bruce Catton/E.B. Long,4.33,1842122916,9781840000000.0,eng,558,1552,33,12/31/2001,Phoenix Press (UK)
7101,The 42nd Parallel (U.S.A.  #1),John Dos Passos,3.82,618056815,9780620000000.0,eng,326,5290,321,5/25/2000,Mariner Books
7102,U.S.A.: 42e Parallèle/L'An premier du siècle/La Grosse galette,John Dos Passos,4.1,2070766039,9782070000000.0,eng,1344,9,1,09/04/2002,Gallimard
7103,The Big Money (U.S.A.  #3),John Dos Passos/E.L. Doctorow,4.03,618056831,9780620000000.0,en-US,464,2090,123,5/25/2000,Mariner Books
7104,1919 (U.S.A.  #2),John Dos Passos/E.L. Doctorow,4.0,618056823,9780620000000.0,en-US,400,2185,137,5/25/2000,Mariner Books
7113,The King in the Window,Adam Gopnik/Omar Rayyan,3.6,786838949,9780790000000.0,en-US,410,805,108,10/15/2006,Miramax Books
7118,The Karamazov Brothers,Fyodor Dostoyevsky/Ignat Avsey,4.32,192835092,9780190000000.0,eng,1054,235,26,8/20/1998,Oxford University Press
7119,The Grand Inquisitor: with related chapters from The Brothers Karamazov,Fyodor Dostoyevsky/Constance Garnett/Charles Guignon,4.36,872201937,9780870000000.0,eng,128,210,14,10/01/1993,Hackett Publishing Company  Inc.
7126,The Count of Monte Cristo,Alexandre Dumas/Robin Buss,4.25,140449264,9780140000000.0,eng,1276,647271,14249,5/27/2003,Penguin Classics
7127,The Count of Monte Cristo,Alexandre Dumas/Brantley Johnson/Margaret Brantley,4.25,743487559,9780740000000.0,eng,620,193,26,05/01/2004,Simon  Schuster
7131,The Count of Monte Cristo,Alexandre Dumas/Lorenzo Carcaterra,4.25,037576030X,9780380000000.0,eng,1462,9921,586,06/11/2002,Modern Library
7135,The Brothers Karamazov,Fyodor Dostoyevsky/Andrew R. MacAndrew/Konstantin Mochulsky,4.32,553212168,9780550000000.0,eng,1072,1022,154,04/01/1984,Bantam Classics
7138,Crime and Punishment,Fyodor Dostoyevsky/Leonard Stanton/James D. Hardy Jr./Sidney Monas/Robin Feuer Miller,4.21,451530063,9780450000000.0,en-US,560,2041,183,03/07/2006,Signet
7139,Crime and Punishment in American History,Lawrence M. Friedman,3.86,465014879,9780470000000.0,eng,590,112,4,09/09/1994,Basic Books
7140,Crime and Punishment in America,Elliott Currie,3.83,805060162,9780810000000.0,eng,240,69,11,10/15/1998,Picador
7141,Cliffsnotes on Dostoevsky's Crime and Punishment,James Lamar Roberts/Fyodor Dostoyevsky/CliffsNotes,3.72,764586556,9780760000000.0,eng,128,30,0,11/07/2000,Cliffs Notes
7142,On Crimes and Punishments,Cesare Beccaria/David Young,3.92,915144999,9780920000000.0,eng,129,1,0,11/01/1986,Hackett Publishing Company  Inc.
7144,Crime and Punishment,Fyodor Dostoyevsky/David McDuff,4.21,143058142,9780140000000.0,eng,671,483122,10265,12/31/2002,Penguin
7150,Crime and Punishment (Norton Critical Editions),Fyodor Dostoyevsky/George Gibian/Jessie Coulson,4.21,393096335,9780390000000.0,eng,690,34,5,04/01/1964,Norton and Co.
7154,The Politics of Injustice: Crime and Punishment in America,Katherine Beckett/Theodore Sasson,3.87,761929940,9780760000000.0,eng,272,37,2,10/16/2003,Sage Publications  Inc
7160,The Beginning and the End,Naguib Mahfouz,4.08,385264585,9780390000000.0,eng,412,363,41,9/20/1989,Anchor Books
7182,The Black Tulip,Alexandre Dumas/Robin Buss,3.8,140448926,9780140000000.0,eng,246,10208,598,4/24/2003,Penguin Classics
7186,La Dame aux Camélias,Alexandre Dumas fils/David Coward,3.99,192836382,9780190000000.0,eng,256,15211,411,3/30/2000,Oxford University Press
7188,The Women's War,Alexandre Dumas/Robin Buss,3.93,140449779,9780140000000.0,eng,546,292,23,4/27/2006,Penguin Classics
7197,The Knight of Maison-Rouge,Alexandre Dumas/Julie Rose/Lorenzo Carcaterra,3.89,812969634,9780810000000.0,eng,448,1172,70,9/14/2004,Modern Library
7199,The Way the Crow Flies,Ann-Marie MacDonald,4.09,60586370,9780060000000.0,en-US,848,11330,1011,8/31/2004,Harper Perennial
7201,As the Crow Flies,Jeffrey Archer,4.1,312997116,9780310000000.0,eng,800,16264,621,5/16/2004,St. Martin's Paperbacks
7208,Under The Tuscan Sun - At Home In Italy,Frances Mayes,3.75,767902807,9780770000000.0,en-US,291,1036,171,08/10/1998,Broadway Books
7214,Blue Like Jazz: Nonreligious Thoughts on Christian Spirituality,Donald Miller,3.9,785263705,9780790000000.0,eng,243,96614,3718,7/15/2003,Thomas Nelson
7220,The Secret Life of Bees,Sue Monk Kidd,4.05,143036408,9780140000000.0,eng,302,1284,169,10/04/2005,Penguin Books
7230,The Wounded Healer: Ministry in Contemporary Society,Henri J.M. Nouwen,4.26,232521026,9780230000000.0,eng,100,8024,317,11/01/1994,Darton  Longman & Todd
7231,The Dance of Life: Weaving Sorrows and Blessings Into One Joyful Step,Henri J.M. Nouwen/Michael    Ford,4.2,1594710872,9781590000000.0,eng,219,122,11,04/01/2006,Ave Maria Press
7240,The Prodigal Son (Roger the Chapman  #15),Kate Sedley,4.07,727891626,9780730000000.0,en-GB,252,102,10,02/01/2007,Severn House Publishers
7244,The Poisonwood Bible,Barbara Kingsolver,4.06,60786507,9780060000000.0,eng,546,613758,19846,07/05/2005,Harper Perennial Modern Classics
7246,The Poisonwood Bible,Barbara Kingsolver,4.06,057120175X,9780570000000.0,eng,616,1390,187,01/10/2000,Faber and Faber
7252,How to Make Love Like a Porn Star: A Cautionary Tale,Jenna Jameson/Neil Strauss,3.76,60539097,9780060000000.0,eng,592,10537,806,8/17/2004,It Books
7260,Dominion: The Power of Man  the Suffering of Animals  and the Call to Mercy,Matthew Scully,4.16,312319738,9780310000000.0,eng,448,1171,135,10/08/2003,St. Martin's Griffin
7263,No Dominion (Joe Pitt  #2),Charlie Huston,3.99,345478258,9780350000000.0,eng,251,4698,202,12/26/2006,Del Rey
7264,Dominion (Ollie Chandler #2),Randy Alcorn,4.22,1590525930,9781590000000.0,eng,603,4180,104,05/01/2006,Multnomah Books
7266,O Is for Old Dominion: A Virginia Alphabet,Pamela Duncan Edwards/Troy Howell,3.76,1585361615,9781590000000.0,eng,40,20,5,9/30/2005,Sleeping Bear Press
7268,Dominion,Masamune Shirow,3.75,1569714886,9781570000000.0,eng,225,298,8,05/02/2000,Dark Horse Manga
7269,Essentials of Conservation Biology,Richard B. Primack,3.92,087893720X,9780880000000.0,eng,585,37,1,6/21/2007,Sinauer Associates
7271,Marine Conservation Biology: The Science of Maintaining the Sea's Biodiversity,Elliott A. Norse/Larry B. Crowder/Michael E. Soulé,4.59,1559636629,9781560000000.0,eng,496,16,2,05/09/2005,Island Press
7277,Key Topics in Conservation Biology,David W. Macdonald/Alonzo C. Addison/Sandra Baker/Mark S. Boyce/David Brown/Stephen Cobb/N. Mark Collins/C. Patrick Doncaster/John E. Fa/Joshua Ginsberg/Susanna B. Hecht/Katrina Service/Steve Albon/Les Firbank/Eli Geffen/Lise Albrechtsen/Elizabeth J. Asteraki/Christian Bonacic/Marcel Cardillo/Chris R. Dickman/Stephen A. Ellwood/H. Resit Akcakaya/Ruth E. Feber,3.33,1405122498,9781410000000.0,en-GB,307,3,0,01/01/2006,Wiley-Blackwell
7286,The Sawtooth Wolves,Jim Dutcher/Eric Baker/Greg Simpson/Richard Ballantine,4.58,964991500,9780960000000.0,eng,191,38,2,01/01/1996,Rufus Publications
7304,Rainforest Home Remedies: The Maya Way To Heal Your Body and Replenish Your Soul,Rosita Arvigo/Nadine Epstein,4.13,006251637X,9780060000000.0,eng,221,66,7,01/09/2001,HarperOne
7315,Zolar's Encyclopedia and Dictionary of Dreams: Fully Revised and Updated for the 21st Century,Zolar,3.68,743222636,9780740000000.0,en-US,480,72,4,06/08/2004,Atria Books
7321,The Complete Dream Dictionary,Pamela Ball,3.68,785812148,9780790000000.0,eng,390,36,0,04/01/2000,Booksales
7331,Letters from Father Christmas,J.R.R. Tolkien/Baillie Tolkien,4.25,618512659,9780620000000.0,eng,111,7043,767,11/15/2004,Mariner Books
7332,The Silmarillion,J.R.R. Tolkien/Christopher Tolkien/Ted Nasmith,3.92,618391118,9780620000000.0,eng,386,166136,4750,11/15/2004,Houghton Mifflin Company
7336,J.R.R. Tolkien: A Biography,Humphrey Carpenter,4.08,618057021,9780620000000.0,eng,288,9057,312,06/06/2000,Mariner Books
7337,The Tolkien Reader,J.R.R. Tolkien/Peter S. Beagle,3.99,345345061,9780350000000.0,eng,251,4200,145,11/12/1986,Del Rey
7338,Tolkien on Film: Essays on Peter Jackson's The Lord of the Rings,Janet Brennan Croft/Mark P. Shea/Amy H. Sturgis,3.79,1887726098,9781890000000.0,eng,323,39,2,05/09/2005,Mythopoeic Press
7339,The Monsters and the Critics and Other Essays,J.R.R. Tolkien/Christopher Tolkien,3.93,026110263X,9780260000000.0,eng,240,3441,78,05/02/2006,HarperCollins
7340,The Maps of Tolkien's Middle-earth,Brian Sibley/John  Howe/J.R.R. Tolkien,4.14,061839110X,9780620000000.0,eng,80,7649,31,10/02/2003,Houghton Mifflin Harcourt
7341,The Gospel According to Tolkien: Visions of the Kingdom in Middle-Earth,Ralph C. Wood,4.09,664226108,9780660000000.0,eng,169,577,67,10/31/2003,Westminster John Knox Press
7342,The Treason of Isengard: The History of The Lord of the Rings  Part Two (The History of Middle-earth  #7),J.R.R. Tolkien/Christopher Tolkien,4.17,261102206,9780260000000.0,eng,465,102,5,02/04/2002,HarperCollins
7343,Tolkien and the Great War: The Threshold of Middle-earth,John Garth,3.71,618574816,9780620000000.0,en-US,398,6230,109,06/01/2005,Mariner Books
7344,Tolkien and C.S. Lewis: The Gift of a Friendship,Colin Duriez,4.01,1587680262,9781590000000.0,eng,244,1354,53,10/08/2003,Paulist Press
7347,The Book of Lost Tales  Part One (The History of Middle-Earth  #1),J.R.R. Tolkien/Christopher Tolkien,3.83,345375211,9780350000000.0,eng,367,10727,203,06/01/1992,Del Rey/Ballantine Books
7348,Tree and Leaf: Includes Mythopoeia and The Homecoming of Beorhtnoth,J.R.R. Tolkien,4.05,7105045,9780010000000.0,eng,150,2357,97,02/05/2001,HarperCollins Publishers Ltd
7351,The Lord of the Rings: The Making of the Movie Trilogy,Brian Sibley/Ian McKellen,4.47,618260226,9780620000000.0,eng,192,8051,34,11/06/2002,Mariner Books
7352,Tolkien: A Look Behind The Lord of the Rings,Lin Carter,3.76,345215508,9780350000000.0,eng,211,13,0,08/12/1972,Ballantine Books (NY)
7353,The Lord of the Rings (The Lord of the Rings  #1-3),J.R.R. Tolkien/Rob Inglis,4.5,1402516274,9781400000000.0,eng,56,151,16,2/22/2002,Recorded Books  Inc.
7360,Midnight in the Garden of Good and Evil,John Berendt,3.92,679643419,9780680000000.0,eng,388,983,79,9/27/2005,Modern Library
7361,Tom's Midnight Garden,Philippa Pearce,4.07,140364544,9780140000000.0,eng,238,155,10,10/28/1993,Puffin Books
7366,Animals in Translation: Using the Mysteries of Autism to Decode Animal Behavior,Temple Grandin/Catherine  Johnson,4.14,156031442,9780160000000.0,eng,358,7633,975,01/02/2006,Harcourt
7370,God's Covenant with Animals: A Biblical Basis for the Humane Treatment of All Creatures,J.R. Hyland,4.0,1930051158,9781930000000.0,eng,128,15,4,06/01/2000,Lantern Books
7375,Lafayette,Harlow Giles Unger,4.37,471468851,9780470000000.0,eng,452,660,92,11/01/2003,Wiley (TP)
7388,My Pride and Joy: An Autobiography,George  Adamson,4.23,671624970,9780670000000.0,en-US,304,134,12,12/31/1987,Simon & Schuster
7389,Runaways  Vol. 1: Pride and Joy,Brian K. Vaughan/Adrian Alphona,3.97,785113797,9780790000000.0,eng,144,24754,859,12/06/2006,Marvel
7393,Sky's Pride and Joy (Bachelor Gulch #8),Sandra Steffen,3.33,373194862,9780370000000.0,eng,192,3,0,11/24/2000,Silhouette Romance
7400,The Baby Emergency (Tennengarrah Clinic #1),Carol Marinelli,3.6,263181499,9780260000000.0,eng,285,0,0,06/01/2004,Mills & Boon
7415,The Shaping of America: A Geographical Perspective on 500 Years of History: Volume 2: Continental America  1800-1867,D.W. Meinig,4.19,300062907,9780300000000.0,eng,636,26,2,2/22/1995,Yale University Press
7420,The Basic Bakunin,Mikhail Bakunin/Robert M. Cutler,3.77,879757450,9780880000000.0,eng,248,100,3,05/01/1992,Prometheus Books
7422,Berlioz: Servitude and Greatness  1832-1869 (Volume 2),David Cairns,4.27,520240588,9780520000000.0,en-US,907,3,0,10/01/2003,University of California Press
7430,The Nubian Prince,Juan Bonilla/Esther Allen,3.54,805077812,9780810000000.0,en-US,258,61,10,6/27/2006,Metropolitan Books
7432,Pardonable Lies (Maisie Dobbs  #3),Jacqueline Winspear,4.09,312426216,9780310000000.0,eng,359,23318,1704,6/27/2006,Picador USA
7437,Naked Lunch,William S. Burroughs/James Grauerholz/Barry Miles,3.46,802140181,9780800000000.0,eng,289,65998,2497,1/26/2004,Grove Press
7439,Naked Lunch: The Restored Text,William S. Burroughs,3.46,7204442,9780010000000.0,eng,289,509,65,05/03/2005,HarperCollins Publishers
7444,The Electric Kool-aid Acid Test/The Kandy Kolored Tangerine Flake Streamline Baby/Radical Chic & Mau Mauing the Flak Catchers,Tom Wolfe,3.97,965079929,9780970000000.0,eng,943,299,14,12/01/1990,Quality Paperback Book Club
7445,The Glass Castle,Jeannette Walls,4.27,074324754X,9780740000000.0,eng,288,808656,46176,1/17/2006,Scribner
7453,Same Sex in the City,Lauren  Levin/Lauren Blitzer,3.62,1416916326,9781420000000.0,eng,250,389,37,06/01/2006,Gallery Books
7454,Sex and the City: Kiss and Tell,Amy Sohn/Sarah Jessica Parker,4.01,743456815,9780740000000.0,en-US,160,86,6,10/15/2002,Pocket Books
7477,Human Traces,Sebastian Faulks,3.63,375502262,9780380000000.0,en-US,563,39,12,9/30/2006,Random House (NY)
7480,The Girl at the Lion d'Or,Sebastian Faulks,3.58,375704531,9780380000000.0,eng,246,4630,272,12/07/1999,Vintage
7482,Human Traces,Sebastian Faulks,3.63,99458268,9780100000000.0,eng,793,3541,274,07/06/2006,Vintage
7493,Founding Brothers: The Revolutionary Generation,Joseph J. Ellis,3.93,375705244,9780380000000.0,eng,290,37996,1631,02/05/2002,BALLANTINE BOOKS
7494,Suzanne's Diary for Nicholas,James Patterson,4.17,446611085,9780450000000.0,eng,289,131662,4267,08/01/2003,Vision
7501,Hitler's Willing Executioners: Ordinary Germans and the Holocaust,Daniel Jonah Goldhagen,3.68,349107866,9780350000000.0,en-GB,634,87,7,03/03/1997,Abacus
7503,Hitler's Willinge Vollstrecker: Ganz gewöhlnliche Deutsche und der Holocaust,Daniel Jonah Goldhagen,3.68,344275500X,9783440000000.0,ger,728,6,1,07/01/1999,Wilhelm Goldmann Verlag  GmbH
7505,Beach Girls,Luanne Rice,4.06,553587242,9780550000000.0,eng,448,8113,234,08/03/2004,Bantam
7510,The Beach House,James Patterson/Peter de Jonge,3.84,446612545,9780450000000.0,eng,356,74386,1674,05/01/2003,Grand Central Publishing
7512,The Beach House (Beach House #1),Mary Alice Monroe,4.2,778322947,9780780000000.0,eng,491,10716,1029,4/25/2006,Mira Books
7515,The Beach House,James Patterson/Peter de Jonge,3.84,316969680,9780320000000.0,eng,358,717,57,06/10/2002,Little  Brown and Company
7520,Path of the Assassin (Scot Harvath  #2),Brad Thor,4.17,141651631X,9781420000000.0,eng,367,15270,485,07/01/2005,Pocket Books
7524,Presidential Assassins (History Makers),Patricia D. Netzley,3.6,1560066237,9781560000000.0,eng,112,5,1,09/01/1999,Lucent Books
7526,The Blind Side: Evolution of a Game,Michael   Lewis,4.18,039306123X,9780390000000.0,eng,304,24677,1924,9/17/2006,W. W. Norton  Company
7527,The Blind Watchmaker,Richard Dawkins,4.08,393315703,9780390000000.0,eng,468,1093,77,9/17/1996,W. W. Norton  Company
7529,I Love Everybody (and Other Atrocious Lies),Laurie Notaro,3.97,812969006,9780810000000.0,en-US,228,9648,587,06/08/2004,Villard Books
7530,Autobiography of a Fat Bride: True Tales of a Pretend Adulthood,Laurie Notaro,3.98,037576092X,9780380000000.0,en-US,257,8009,455,07/08/2003,Villard
7531,The Idiot Girls' Action-Adventure Club: True Tales from a Magnificent and Clumsy Life,Laurie Notaro,3.88,375760911,9780380000000.0,en-GB,225,16133,1099,07/02/2002,Villard
7533,We Thought You Would Be Prettier: True Tales of the Dorkiest Girl Alive,Laurie Notaro,3.92,812969014,9780810000000.0,eng,223,10040,439,4/19/2005,Villard
7534,There's a (Slight) Chance I Might Be Going to Hell: A Novel of Sewer Pipes  Pageant Queens  and Big Trouble,Laurie Notaro,3.55,1400065011,9781400000000.0,eng,320,36,8,5/29/2007,Villard
7536,Anleitung zum Zickigsein,Laurie Notaro,3.88,3404149475,9783400000000.0,ger,254,2,1,08/01/2003,Lübbe
7543,The Psychology of Winning,Denis Waitley,4.21,425099997,9780430000000.0,eng,176,1332,64,10/15/1986,Berkley
7549,Jimmy Corrigan: El Chico más Listo del Mundo,Chris Ware,4.09,1594972079,9781590000000.0,spa,380,12,1,7/25/2006,Public Square Books
7551,The Acme Novelty Library #17,Chris Ware,4.35,1897299028,9781900000000.0,eng,64,772,21,11/28/2006,Drawn and Quarterly
7552,The Acme Novelty Library,Chris Ware,4.31,375422951,9780380000000.0,en-US,108,2786,77,9/20/2005,Pantheon Books
