bookID,title,authors,average_rating,isbn,isbn13,language_code,  num_pages,ratings_count,text_reviews_count,publication_date,publisher
12658,Hawaii,James A. Michener,4.2,375760377,9780380000000.0,eng,1136,66298,1383,07/09/2002,Dial Press Trade Paperback
12661,Chesapeake,James A. Michener,4.18,812970438,9780810000000.0,eng,1024,19174,664,09/09/2003,Dial Press
12662,Caravans,James A. Michener,4.05,812969820,9780810000000.0,eng,320,4753,400,09/09/2003,Dial Press Trade Paperback
12664,Iberia,James A. Michener/Robert Vavra,3.71,449207331,9780450000000.0,eng,960,2153,152,10/12/1984,Fawcett Crest Books
12665,Centennial,James A. Michener,4.24,449452697,9780450000000.0,eng,1086,95,13,07/01/1989,Fawcett Books
12676,Carrie (Biblioteca de Stephen King. 102  8),Stephen King/Gregorio Vlastelica,3.96,609810901,9780610000000.0,spa,288,67,3,09/04/2001,Plaza y Janes
12678,Carrie,Stephen King,3.96,9685957002,9789690000000.0,spa,254,28,9,4/30/2005,Debolsillo
12682,The Shining,Stephen King,4.22,743437497,9780740000000.0,eng,505,1316,134,10/01/2002,Gallery Books
12683,The Shining,Stephen King/Campbell Scott,4.22,743536991,9780740000000.0,eng,0,13,0,08/02/2005,Simon & Schuster Audio
12684,The Shining,Stephen King,4.22,1417618256,9781420000000.0,eng,505,8,2,10/01/2002,Turtleback Books
12686,Marley & Me: Life and Love with the World's Worst Dog,John Grogan,4.13,61238228,9780060000000.0,en-US,306,697,158,10/31/2006,William Morrow
12691,Marley and Me: Life and Love With the World's Worst Dog,John Grogan,4.13,739461192,9780740000000.0,eng,291,414947,12116,10/18/2005,William Morrow; 1ST edition
12703,Wuthering Heights,Emily Brontë/Alice Hoffman,3.85,451529251,9780450000000.0,eng,322,1898,201,03/02/2004,Signet Classics
12712,Brodie's notes on Aldous Huxley's brave new world,Graham Handley,0.0,333581296,9780330000000.0,eng,71,0,0,8/20/1992,Macmillan
12722,The Moon Is Down,John Steinbeck,3.9,141185538,9780140000000.0,eng,144,15806,996,11/30/2000,Penguin Classics
12723,Ride the Moon Down,Terry C. Johnston,4.15,553572822,9780550000000.0,en-US,576,103,4,07/06/1999,Bantam
12724,Drawing Down the Moon: Witches  Druids  Goddess-Worshippers  and Other Pagans in America,Margot Adler,4.02,143038192,9780140000000.0,eng,672,6509,209,10/03/2006,Penguin Books
12725,Sing Down the Moon,Scott O'Dell,3.74,440979757,9780440000000.0,eng,124,6548,356,3/26/1997,Laurel Leaf Library
12733,Light in August,William Faulkner,3.94,067964248X,9780680000000.0,eng,460,329,35,04/02/2002,Modern Library
12738,The Transit of Venus,Shirley Hazzard,3.89,1860491812,9781860000000.0,eng,352,1681,276,10/05/1995,Virago
12746,Kingsblood Royal,Sinclair Lewis/Charles R. Johnson,3.97,375756868,9780380000000.0,en-US,352,77,11,04/10/2001,Modern Library
12749,Swann's Way (In Search of Lost Time  #1),Marcel Proust/Lydia Davis,4.14,142437964,9780140000000.0,eng,492,30493,1767,11/30/2004,Penguin Classics
12753,Swann's Way (Remembrance of Things Past  #1),Marcel Proust/C.K. Scott Moncrieff/Elizabeth Dalton,4.14,1593083777,9781590000000.0,en-US,466,17,9,10/01/2005,Barnes & Noble Books
12754,Swann's Way (Remembrance of Things Past  #1),Marcel Proust/C.K. Scott Moncrieff,4.14,1414243677,9781410000000.0,eng,380,1,0,01/01/2005,IndyPublish.com
12769,Lady of the Lake,Elizabeth Mayne,3.27,373289804,9780370000000.0,eng,304,70,6,7/25/1997,Harlequin Historical
12770,A Kiss Before Dying,Ira Levin/Otto Penzler,3.94,786711647,9780790000000.0,eng,242,6548,556,04/07/2003,Carroll & Graf Publishers
12771,A Kiss Before Dying (Sweet Valley High  #122),Francine Pascal/Kate William,3.67,553566407,9780550000000.0,eng,197,267,7,02/01/1996,Bantam
12783,The Satanic Verses,Salman Rushdie,3.71,014011890X,9780140000000.0,eng,560,11,0,9/26/1988,Penguin Books Ltd
12786,The City of Falling Angels,John Berendt,3.54,143036939,9780140000000.0,eng,414,12741,1494,9/26/2006,Penguin Books
12787,Falling Angel,William Hjortsberg/Ridley Scott/James Crumley,3.92,1933618086,9781930000000.0,eng,302,2243,220,11/01/2006,Millipede Press
12789,Falling Angels (Luc Actar #1),Melissa M. Garcia,4.67,595377106,9780600000000.0,eng,216,1,0,2/14/2006,iUniverse
12793,The Collaborator: The Trial and Execution of Robert Brasillach,Alice Kaplan,3.9,226424154,9780230000000.0,eng,308,77,14,11/01/2001,University of Chicago Press
12803,Ulysses,James Joyce/Craig Raine,3.73,679455132,9780680000000.0,eng,1084,250,38,10/28/1997,Everyman's Library
12807,The Crazed,Ha Jin,3.5,434010537,9780430000000.0,eng,336,15,1,10/03/2002,Arrow (A Division of Random House Group)
12812,Chickenhawk: Back in the World Again: Life After Vietnam,Robert Mason,4.09,140158766,9780140000000.0,eng,400,175,17,05/01/1994,Penguin Books
12817,Nuns and Soldiers,Iris Murdoch/Karen Armstrong,3.93,142180092,9780140000000.0,eng,512,503,34,7/30/2002,Penguin Classics
12820,Sir Gawain And The Green Knight,Michael Morpurgo/Michael Foreman,3.94,744586461,9780740000000.0,eng,120,21,5,11/01/2004,Walker
12822,Cliffs Notes on Wiesel's Night,Maryam Riess,3.4,822008939,9780820000000.0,eng,80,5,1,8/22/1996,Cliffs Notes
12823,The Night Trilogy: Night  Dawn  the Accident,Elie Wiesel/Marion Wiesel,4.29,374521409,9780370000000.0,eng,318,2439,255,09/01/1987,Hill and Wang
12827,Strong Motion,Jonathan Franzen,3.52,184115749X,9781840000000.0,eng,528,3996,278,06/01/2007,Fourth Estate (GB)
12828,How to Be Alone,Jonathan Franzen,3.59,7153589,9780010000000.0,eng,306,336,33,07/02/2007,Harper Perennial
12829,The Twenty-Seventh City,Jonathan Franzen,3.12,312420145,9780310000000.0,eng,528,3621,330,09/08/2001,Picador USA
12840,Second Ring of Power,Carlos Castañeda,4.03,671732471,9780670000000.0,en-US,328,2779,33,04/01/1991,Washington Square Press
12841,The Active Side of Infinity,Carlos Castañeda,4.16,006092960X,9780060000000.0,eng,288,1952,70,12/22/1999,Harper Perennial
12842,Journey to Ixtlan,Carlos Castañeda,4.12,671732463,9780670000000.0,eng,272,8541,257,02/01/1991,Washington Square Press
12843,The Wheel of Time: The Shamans of Mexico Their Thoughts About Life Death & the Universe,Carlos Castañeda,4.03,074341280X,9780740000000.0,eng,304,956,37,01/01/2001,Washington Square Press
12844,Power of Silence,Carlos Castañeda,4.22,067173248X,9780670000000.0,eng,288,2253,53,06/01/1991,Washington Square Press
12845,Tales of Power,Carlos Castañeda,4.13,671732528,9780670000000.0,en-US,304,4657,89,01/01/1991,Washington Square Press
12846,Fire from Within,Carlos Castañeda,4.14,671732501,9780670000000.0,en-US,304,2554,67,01/01/1991,Washington Square Press
12847,The Art of Dreaming,Carlos Castañeda,4.1,1855384272,9781860000000.0,eng,260,3618,97,2/16/2004,Element
12851,The Best Stories of Fyodor Dostoevsky,Fyodor Dostoyevsky/David Magarshack,4.26,345481267,9780350000000.0,eng,352,110,6,7/26/2005,Modern Library
12852,The Best Short Stories,Fyodor Dostoyevsky/David Magarshack,4.26,375756884,9780380000000.0,eng,320,2711,89,2/13/2001,Modern Library
12853,Demons,Fyodor Dostoyevsky/Richard Pevear/Larissa Volokhonsky,4.27,375411224,9780380000000.0,eng,733,214,27,10/24/2000,Everyman's Library
12854,The Idiot,Fyodor Dostoyevsky/Richard Pevear/Larissa Volokhonsky,4.18,375702245,9780380000000.0,eng,633,2710,294,07/08/2003,Vintage Classics
12855,Great Short Works of Fyodor Dostoevsky,Fyodor Dostoyevsky/Ronald Hingley,4.42,60726466,9780060000000.0,eng,768,1330,29,07/06/2004,Harper Perennial Modern Classics
12856,The Idiot,Fyodor Dostoyevsky/Constance Garnett/Joseph Frank,4.18,1593080581,9781590000000.0,eng,578,442,52,1/16/2004,Barnes  Noble Classics
12859,Celtic Tree Mysteries: Practical Druid Magic & Divination,Steve Blamires/Sandy Leuthner,3.92,1567180701,9781570000000.0,en-US,278,192,5,10/08/2002,Llewellyn Publications
12873,Rebecca,Daphne du Maurier/Sally Beauman,4.23,1844080382,9781840000000.0,en-US,441,179639,8119,12/01/2007,Virago Press (UK)
12876,Betraying Spinoza: The Renegade Jew Who Gave Us Modernity,Rebecca Goldstein,3.92,805242090,9780810000000.0,en-US,304,536,79,5/30/2006,Schocken
12879,Shadow of the Moon (Moon #5),Rebecca York,3.79,042520961X,9780430000000.0,eng,336,534,25,06/06/2006,Berkley Sensation
12880,Black Lamb and Grey Falcon,Rebecca West/Christopher Hitchens,4.23,014310490X,9780140000000.0,eng,1181,1623,228,1/30/2007,Penguin Classics
12881,Operation Shylock: A Confession,Philip Roth,3.77,009930791X,9780100000000.0,eng,400,3115,188,6/16/1994,Vintage
12882,Operation Shylock. Ein Bekenntnis,Philip Roth,3.77,3446176934,9783450000000.0,ger,464,1,0,01/01/1994,Carl Hanser
12885,Lost in the Funhouse,John Barth,3.7,385240872,9780390000000.0,eng,205,5052,305,03/01/1988,Anchor Books
12901,CliffsNotes on Faulkner's As I Lay Dying (Cliffs Notes),James Lamar Roberts/William Faulkner/CliffsNotes,3.73,822002108,9780820000000.0,eng,72,10,3,3/13/1964,Cliffs Notes
12905,The Sound and the Fury  As I Lay Dying  Sanctuary  Intruder in the Dust,William Faulkner,4.05,706432088,9780710000000.0,eng,760,8,1,03/12/1988,Octopus Books
12906,CliffsNotes on Faulkner's Absalom  Absalom!,James Lamar Roberts/CliffsNotes,3.12,822001101,9780820000000.0,eng,64,8,1,2/28/1964,Cliffs Notes
12912,The Aeneid,Virgil/Robert Fagles/Bernard Knox,3.84,670038032,9780670000000.0,eng,486,892,117,11/02/2006,Viking
12914,The Aeneid,Virgil/Robert Fitzgerald,3.84,679729526,9780680000000.0,eng,442,87406,1182,6/16/1990,Vintage
12916,The Aeneid,Virgil/David   West,3.84,140449329,9780140000000.0,eng,290,996,96,3/27/2003,Penguin Books Ltd
12918,Aeneid,Virgil/Stanley Lombardo/W. R. Johnson,3.84,872207315,9780870000000.0,eng,340,319,27,3/15/2005,Hackett Publishing Company  Inc.
12919,Virgil  Vol 2: Aeneid Books 7-12  Appendix Vergiliana,Virgil/G.P. Goold,4.4,674995864,9780670000000.0,mul,590,583,5,01/01/2001,Harvard University Press
12922,The Castle of Otranto,Horace Walpole/E.F. Bleiler/Walter Scott,3.18,486434125,9780490000000.0,eng,106,237,39,3/19/2004,Dover Publications
12923,The Castle of Otranto,Horace Walpole,3.18,192834401,9780190000000.0,eng,125,16370,1211,7/16/1998,Oxford University Press
12930,Messenger (The Giver  #3),Lois Lowry,3.91,385732538,9780390000000.0,eng,169,93589,6654,8/22/2006,Ember
12931,Gossamer,Lois Lowry,3.9,618685502,9780620000000.0,eng,144,13788,1554,4/24/2006,HMH Books for Young Readers
12932,Anastasia on Her Own (Anastasia Krupnik  #5),Lois Lowry,3.9,440402913,9780440000000.0,eng,160,1521,44,06/01/1986,Yearling Books
12933,Stay!: Keeper's Story,Lois Lowry/True Kelley,3.93,440415241,9780440000000.0,eng,128,194,32,03/09/1999,Yearling
12936,Gathering Blue (The Giver  #2),Lois Lowry,3.82,385732562,9780390000000.0,eng,240,132584,9341,9/25/2000,Delacorte Press
12937,See You Around  Sam! (Sam Krupnik  #3),Lois Lowry/Diane deGroat,3.71,440414008,9780440000000.0,eng,128,244,15,03/09/1998,Yearling
12938,King Lear,William Shakespeare,3.91,074348276X,9780740000000.0,eng,338,154195,2806,01/01/2004,Simon  Schuster
12939,King Lear,William Shakespeare/Roma Gill,3.91,019832054X,9780200000000.0,eng,192,269,24,12/12/2002,Oxford University Press
12941,King Lear,William Shakespeare/R.A. Foakes,3.91,1903436591,9781900000000.0,eng,455,1796,98,05/09/1997,Bloomsbury Arden Shakespeare
12944,King Lear,William Shakespeare/Barbara A. Mowat/Paul Werstine,3.91,743484959,9780740000000.0,eng,384,215,11,08/01/2005,Simon  Schuster
12947,The Turn of the Screw (Norton Critical Edition),Henry James/Deborah Esch/Jonathan Warren,3.43,039395904X,9780390000000.0,eng,271,790,93,7/17/1999,W. W. Norton & Co.
12950,The Turn of the Screw and The Aspern Papers,Henry James/Anthony Curtis,3.79,141439904,9780140000000.0,eng,272,6769,270,6/26/2003,Penguin Books
12951,The Turn of the Screw and Other Short Fiction,Henry James/R.W.B. Lewis,3.8,553210599,9780550000000.0,eng,527,3083,134,11/01/2008,Bantam Classic
12954,The Turn of the Screw,Henry James/Peter G. Beidler,3.43,312406916,9780310000000.0,eng,386,616,77,11/06/2003,Bedford Books
12958,Much Ado about Nothing,William Shakespeare/Mary Berry/Michael Clamp,4.07,052161872X,9780520000000.0,eng,196,128,12,09/01/2005,Cambridge University Press
12960,Much Ado About Nothing,William Shakespeare/David L. Stevenson,4.07,451526813,9780450000000.0,eng,166,1230,62,07/01/1998,Signet Classic
12961,Much Ado about Nothing (Oxford School Shakespeare),William Shakespeare/Roma Gill,4.07,198320566,9780200000000.0,eng,160,13,2,12/12/2002,Oxford University Press  USA
12964,Much Ado about Nothing,William Shakespeare/Samuel West/Amanda Root/Arkangel Cast,4.07,1932219250,9781930000000.0,eng,18,38,7,11/30/2005,BBC Audiobooks America
12965,Much Ado about Nothing,William Shakespeare/F.H. Mares,4.07,521532507,9780520000000.0,eng,188,73,12,4/21/2003,Cambridge University Press
12967,Winter's Tale,Mark Helprin,3.5,156031191,9780160000000.0,eng,748,21851,3510,06/01/2005,Mariner Books
12969,Winter's Tales,Isak Dinesen/Karen Blixen,3.9,679743340,9780680000000.0,eng,320,1464,100,06/01/1993,Vintage
12975,Twelfth Night,William Shakespeare/Alan Durband,3.98,812036042,9780810000000.0,eng,256,157,18,08/01/1996,Barrons Educational Series
12980,Twelfth Night,William Shakespeare/Barbara A. Mowat/Paul Werstine,3.98,743484967,9780740000000.0,eng,222,188,14,08/01/2005,Simon  Schuster
12982,Twelfth Night,William Shakespeare,3.98,141014709,9780140000000.0,en-GB,240,199,21,04/07/2005,Penguin Classics
12984,Tempest (Star Wars: Legacy of the Force  #3),Troy Denning,3.82,345477529,9780350000000.0,eng,400,5704,94,11/28/2006,Del Rey
12990,Red: Passion and Patience in the Desert,Terry Tempest Williams,4.02,375725180,9780380000000.0,eng,288,1309,107,10/08/2002,Vintage
12993,Hamlet  The Texts of 1603 and 1623,William Shakespeare/Neil Taylor,4.27,1904271553,9781900000000.0,eng,384,15,0,3/22/2006,Bloomsbury Arden Shakespeare
12994,Hamlet's Dresser: A Memoir,Bob      Smith,3.74,684852705,9780680000000.0,eng,288,375,63,02/01/2003,Scribner
12995,The Hamlet,William Faulkner,3.87,679736530,9780680000000.0,eng,409,4208,216,10/29/1991,Vintage International
12996,Othello,William Shakespeare,3.89,743477553,9780740000000.0,eng,314,273070,4265,01/01/2004,Simon  Schuster
12999,Othello,William Shakespeare/David Threlfall/Don Warrington/Anne-Marie Duff/Arkangel Cast,3.89,1932219269,9781930000000.0,eng,3,48,3,9/15/2005,Audio Partners
13002,Othello,William Shakespeare/Barbara A. Mowat/Paul Werstine,3.89,743482824,9780740000000.0,eng,368,493,25,08/01/2004,Simon  Schuster
13006,Julius Caesar,William Shakespeare/Roma Gill,3.68,198320272,9780200000000.0,eng,128,138685,2595,10/17/2002,Oxford University Press  USA
13008,Julius Caesar,William Shakespeare/John   Bowe/Michael Feast/Adrian Lester,3.68,1932219161,9781930000000.0,eng,3,53,3,06/01/2005,Audio Partners
13011,Julius Caesar,William Shakespeare/Marvin Spevack/Marga Munkelt,3.68,521535131,9780520000000.0,eng,226,51,2,5/24/2004,Cambridge University Press
13012,Julius Caesar,William Shakespeare/SparkNotes,3.68,1586638475,9781590000000.0,eng,256,769,78,07/03/2003,SparkNotes
13018,Cliffsnotes on Shakespeare's Henry IV  Part 1,James K. Lowers/William Shakespeare/CliffsNotes,3.88,822000237,9780820000000.0,eng,80,17,0,6/15/1960,Cliffs Notes
13020,King Henry IV  Part 1,William Shakespeare/David Scott Kastan,3.83,1904271359,9781900000000.0,eng,398,17782,493,11/07/2002,Bloomsbury Arden Shakespeare
13023,Alice in Wonderland,Lewis Carroll/Jane Carruth/Rene Cloke,4.03,517223627,9780520000000.0,eng,92,364782,5234,09/07/2004,Gramercy Books
13028,Alice In Wonderland,Lewis Carroll/John Tenniel,4.02,439291496,9780440000000.0,eng,160,143,18,09/01/2001,Scholastic Paperbacks
13033,The Alexandria Quartet  (The Alexandria Quartet #1-4),Lawrence Durrell,4.17,140153179,9780140000000.0,eng,884,10050,294,12/01/1991,Penguin Books
13037,Justine (The Alexandria Quartet #1),Lawrence Durrell,3.89,140153195,9780140000000.0,eng,253,5428,542,07/12/1991,Penguin Books
13039,Clea (The Alexandria Quartet #4),Lawrence Durrell,4.18,140153225,9780140000000.0,en-US,288,1896,124,07/12/1991,Penguin Books
13040,Siddhartha,Hermann Hesse,4.02,613572742,9780610000000.0,eng,132,514,40,02/02/1993,Turtleback Books
13042,Kate Vaiden,Reynolds Price,3.91,684846942,9780680000000.0,eng,306,1345,114,5/29/1998,Scribner
13050,The Social Contract and The First and Second Discourses,Jean-Jacques Rousseau/Susan Dunn/Gita May/Robert N. Bellah/David Bromwich/Conor           Cruise O'Brien,3.83,300091419,9780300000000.0,eng,328,63,2,02/08/2002,Yale University Press
13060,Nature Girl,Carl Hiaasen,3.63,307262995,9780310000000.0,eng,306,19245,1533,11/14/2006,Alfred A. Knopf
13061,Stormy Weather,Carl Hiaasen,3.95,446677167,9780450000000.0,en-US,388,12609,696,03/01/2001,Grand Central Publishing
13062,Skin Tight (Mick Stranahan  #1),Carl Hiaasen,3.96,446695696,9780450000000.0,en-US,420,14475,571,04/12/2005,Warner Books (NY)
13063,Basket Case,Carl Hiaasen,3.82,446695645,9780450000000.0,eng,400,13125,743,02/01/2005,Grand Central Publishing
13064,Tourist Season,Carl Hiaasen,3.94,446695718,9780450000000.0,eng,404,15459,669,05/09/2005,Warner Books (NY)
13066,Sick Puppy,Carl Hiaasen,3.89,446695688,9780450000000.0,eng,464,20070,1047,04/12/2005,Grand Central Publishing
13067,Flush,Carl Hiaasen,3.88,375821821,9780380000000.0,eng,263,23811,2348,9/13/2005,Alfred A. Knopf Books for Young Readers
13068,Double Whammy (Skink #1),Carl Hiaasen,3.93,446695661,9780450000000.0,eng,404,11050,624,03/01/2005,Grand Central Publishing
13069,Naked Came the Manatee,Carl Hiaasen/Elmore Leonard/Dave Barry/James W. Hall/Edna Buchanan/Les Standiford/Paul Levine/Brian Antoni/Tananarive Due/John Dufresne/Vicki Hendricks/Carolina Hospital/Evelyn Mayerson,3.48,449001245,9780450000000.0,eng,208,2303,161,1/20/1998,Ballantine Books
13074,Strip Tease,Carl Hiaasen,3.84,044669567X,9780450000000.0,eng,464,12371,536,03/01/2005,Grand Central Publishing
13075,Basket Case,Carl Hiaasen,3.82,044661193X,9780450000000.0,eng,413,333,29,01/01/2003,Grand Central Publishing
13076,A Carl Hiaasen Collection: Stormy Weather  Tourist Season  and  Strip Tease,Carl Hiaasen/Edward Asner,4.45,375410465,9780380000000.0,eng,9,44,1,01/04/2000,Random House Audio
13079,Skinny Dip (Mick Stranahan #2),Carl Hiaasen,3.81,446615129,9780450000000.0,eng,496,33459,2602,05/01/2006,Grand Central Publishing
13083,Hoot,Carl Hiaasen,3.82,440421705,9780440000000.0,eng,292,85404,3692,3/14/2006,Yearling Books
13086,Suburban Nation: The Rise of Sprawl and the Decline of the American Dream,Andrés Duany/Elizabeth Plater-Zyberk/Jeff Speck,4.08,865476063,9780870000000.0,eng,320,1980,154,4/16/2001,North Point Press
13100,The Bible Cure For Diabetes,Don Colbert,3.84,884196488,9780880000000.0,eng,96,21,1,8/19/1999,Siloam
13104,The Celestine Prophecy: A Pocket Guide to the Nine Insights,James Redfield,3.87,446912069,9780450000000.0,eng,68,1256,100,12/02/2005,Warner Books (NY)
13105,The Tenth Insight: Holding the Vision (Celestine Prophecy  #2),James Redfield,3.64,446674575,9780450000000.0,eng,256,9889,337,12/01/1998,Grand Central Publishing
13106,The Celestine Prophecy,James Redfield/Lou Diamond Phillips,3.64,1594831955,9781590000000.0,en-US,0,64,10,2/16/2006,Grand Central Publishing
13107,The Celestine Prophecy: An Experiential Guide,James Redfield,3.84,553503707,9780550000000.0,eng,304,120,11,07/06/1995,Bantam
13113,Zen and the Art of Motorcycle Maintenance: An Inquiry Into Values,Robert M. Pirsig,3.77,688052304,9780690000000.0,eng,412,424,47,06/01/1979,Quill
13119,The Dark Side Of Genius: The Life Of Alfred Hitchcock,Donald Spoto,3.83,030680932X,9780310000000.0,en-US,608,990,97,8/30/1999,Da Capo Press
13121,Enchantment: The Life of Audrey Hepburn,Donald Spoto,3.87,307237583,9780740000000.0,eng,352,2703,267,04/02/2007,Harmony
13122,Marilyn Monroe: The Biography,Donald Spoto,4.03,815411839,9780820000000.0,eng,752,1396,99,7/17/2001,Cooper Square Publishers
13128,Cross (Alex Cross  #12),James Patterson,4.0,316159794,9780320000000.0,eng,393,48095,1633,11/13/2006,Little Brown and Company
13130,Judge & Jury,James Patterson/Andrew Gross,4.0,316013935,9780320000000.0,eng,419,41805,831,7/31/2006,Little  Brown and Company
13131,The 6th Target (Women's Murder Club  #6),James Patterson/Maxine Paetro,4.04,316014796,9780320000000.0,eng,390,47196,1464,05/08/2007,Little Brown and Company
13133,The Quickie,James Patterson/Michael Ledwidge,3.83,316117366,9780320000000.0,eng,357,32963,2132,07/02/2007,Little  Brown and Company
13134,You've Been Warned,James Patterson/Howard Roughan,3.53,316014508,9780320000000.0,eng,374,18058,1519,09/10/2007,Little Brown and Company
13136,2nd Chance (Women's Murder Club  #2),James Patterson/Andrew Gross,4.04,446696633,9780450000000.0,eng,400,78780,2118,5/20/2005,Grand Central Publishing
13137,1st to Die (Women's Murder Club  #1),James Patterson,4.08,446696617,9780450000000.0,eng,424,269826,5220,5/20/2005,Grand Central Publishing
13138,Season of the Machete,James Patterson,3.25,446600474,9780450000000.0,eng,341,5512,227,04/01/1995,Vision
13139,School's Out—Forever (Maximum Ride  #2),James Patterson,4.15,316155594,9780320000000.0,eng,409,103221,2689,5/23/2006,Little  Brown and Company
13140,Jack & Jill (Alex Cross  #3),James Patterson,3.96,446692654,9780450000000.0,eng,466,58414,1191,08/01/2003,Grand Central Publishing
13141,The Midnight Club,James Patterson,3.82,446606383,9780450000000.0,eng,368,10970,322,06/01/1999,Vision
13142,Cat & Mouse (Alex Cross #4),James Patterson,3.98,446692646,9780450000000.0,eng,432,242,15,08/01/2003,Grand Central Publishing
13143,Pop Goes the Weasel (Alex Cross  #5),James Patterson,4.0,446608815,9780450000000.0,eng,461,52093,985,10/01/2000,TIme Warner Books
13144,Roses Are Red (Alex Cross  #6),James Patterson,4.04,747266999,9780750000000.0,eng,421,220,19,6/25/2001,Headline
13145,Along Came a Spider (Alex Cross  #1),James Patterson,4.11,446692638,9780450000000.0,eng,449,369267,4011,08/01/2003,Grand Central Publishing
13146,Black Friday,James Patterson,3.68,446609323,9780450000000.0,eng,480,9714,220,04/01/2000,Vision
13147,Honeymoon (Honeymoon  #1),James Patterson/Howard Roughan,3.83,446613371,9780450000000.0,eng,406,34087,1809,01/01/2007,Grand Central Publishing
13148,Kiss the Girls (Alex Cross  #2),James Patterson,3.96,446677388,9780450000000.0,eng,481,297211,2943,07/01/2000,Grand Central Publishing
13149,The Thomas Berryman Number,James Patterson,2.86,446600458,9780450000000.0,eng,272,4320,307,04/01/1996,Grand Central Publishing
13151,London Bridges (Alex Cross  #10),James Patterson,3.94,446613355,9780450000000.0,eng,403,36334,905,10/01/2005,Vision
13152,The Angel Experiment (Maximum Ride  #1),James Patterson,4.08,446617792,9780450000000.0,eng,445,187892,7624,05/05/2006,Grand Central Publishing
13155,3rd Degree (Women's Murder Club  #3),James Patterson/Andrew Gross,4.02,446696641,9780450000000.0,eng,352,268,13,5/20/2005,Grand Central Publishing
13157,The Jester,James Patterson/Andrew Gross,3.8,755300203,9780760000000.0,eng,548,16563,849,03/01/2004,Headline
13158,See How They Run,James Patterson,3.84,1568654235,9781570000000.0,eng,320,48,1,07/08/1997,Doubleday Books
13161,Miracle on the 17th Green (Travis McKinley  #1),James Patterson/Peter de Jonge,3.68,316693359,9780320000000.0,eng,160,3733,320,05/05/1999,Little Brown and Company
13162,When the Wind Blows (When the Wind Blows  #1),James Patterson,3.93,446676438,9780450000000.0,eng,416,42701,1337,04/01/2000,Grand Central Publishing
13164,SantaKid,James Patterson/Michael Garland,3.88,316000612,9780320000000.0,eng,48,862,53,11/01/2004,Jimmy Patterson
13173,A Little Prairie House,Laura Ingalls Wilder/Renée Graef,4.19,64435261,9780060000000.0,eng,32,1561,45,3/21/1999,HarperCollins
13177,Private Parts,Howard Stern,3.77,671009443,9780670000000.0,eng,660,3878,151,03/01/1997,Pocket Books
13180,The Private Parts of Women,Lesley Glaister,3.8,747526036,9780750000000.0,eng,288,22,3,09/01/2002,Bloomsbury Publishing PLC
13194,Green Arrow  Vol. 1: Quiver,Kevin Smith/Phil Hester/Ande Parks,4.07,1563899655,9781560000000.0,en-US,232,5299,131,12/16/2008,DC Comics
13196,Quiver,Stephanie Spinner,3.51,440238196,9780440000000.0,en-US,177,837,95,04/12/2005,Laurel-Leaf Books
13199,A Quiver Full of Arrows,Jeffrey Archer,3.78,312937695,9780310000000.0,eng,288,9214,179,8/30/2005,St. Martin's Paperbacks
13203,Celebrations: Rituals of Peace and Prayer,Maya Angelou,4.13,1400066107,9781400000000.0,eng,128,748,105,10/24/2006,Random House
13206,The Collected Autobiographies of Maya Angelou,Maya Angelou,4.63,679643257,9780680000000.0,eng,1184,991,55,9/21/2004,Modern Library
13210,Wouldn't Take Nothing for My Journey Now,Maya Angelou,4.27,553380176,9780550000000.0,eng,127,7423,319,05/12/1997,Bantam
13211,And Still I Rise,Maya Angelou/Linda Sunshine/Diego Rivera,4.42,375505962,9780380000000.0,eng,54,3720,240,08/07/2001,Random House
13215,Life Doesn't Frighten Me,Maya Angelou/Jean-Michel Basquiat/Sara Jane Boyers,4.41,1556702884,9781560000000.0,eng,32,1246,164,02/06/1996,Harry N. Abrams
13228,Cumbres borrascosas,Emily Brontë,3.85,8497644743,9788500000000.0,spa,384,156,28,5/28/2006,Edimat Libros
13237,Dreaming in Pictures: The Photography,Lewis Carroll/Douglas R. Nickel,4.01,300091699,9780300000000.0,eng,172,104,6,08/11/2002,Yale University Press
13238,Lewis Carroll's Jabberwocky: A Book of Brillig Dioramas,Lewis Carroll/Graeme Base,4.14,810935201,9780810000000.0,eng,14,31,2,3/30/1996,Harry N. Abrams
13241,The Collected Short Stories of Maxim Gorky,Maxim Gorky/Avrahm Yarmolinsky/Moura Budberg,3.96,806510757,9780810000000.0,eng,404,883,16,8/18/1988,Citadel Press
13254,Name Dropping,Jane Heller,3.52,312978332,9780310000000.0,eng,323,701,53,3/15/2001,St. Martin's Press
13257,Many Luscious Lollipops: A Book About Adjectives,Ruth Heller,4.06,698116410,9780700000000.0,en-US,48,322,41,2/23/1998,Puffin Books
13258,What Was She Thinking? [Notes on a Scandal],Zoë Heller,3.71,312421990,9780310000000.0,eng,258,13674,1166,06/01/2004,Picador
13260,Night of Long Shadows (Eberron: Inquisitives  #2),Paul Crilley,3.65,786942703,9780790000000.0,en-US,306,152,14,05/08/2007,Wizards of the Coast
13270,Poetics,Aristotle/Malcolm Heath,3.82,140446362,9780140000000.0,eng,144,12610,486,9/26/1996,Penguin Classics
13275,Poetics of Music in the Form of Six Lessons,Igor Stravinsky/George Seferis/Arthur Knodel/Ingolf Dahl,4.11,674678567,9780670000000.0,eng,160,988,31,2/26/1970,Harvard University Press
13276,An Introduction to the Old Testament Poetic Books,C. Hassell Bullock,3.68,802441416,9780800000000.0,eng,392,39,5,08/08/1988,Moody Publishers (Chicago)
13285,Mondrian,John Milner/Piet Mondrian,3.73,714831670,9780710000000.0,eng,235,26,1,04/01/1995,Phaidon Press
13310,Writings on Art,Mark Rothko/Miguel López-Remiro,3.84,300114400,9780300000000.0,eng,192,102,8,4/28/2006,Yale University Press
13314,The Legacy of Mark Rothko,Lee Seldes,3.87,306807254,9780310000000.0,eng,403,36,5,8/22/1996,Da Capo Press
13320,Mark Rothko,Diane Waldman/Bernard Malamud,4.04,810915871,9780810000000.0,eng,296,45,2,09/01/1978,Harry N. Abrams
13323,Mark Rothko  1903 1970,Diane Waldman,4.04,500282757,9780500000000.0,eng,296,3,0,5/14/2001,Thames & Hudson Ltd
13329,A World of Art,Henry M. Sayre,3.73,132221861,9780130000000.0,eng,592,56,1,12/22/2006,Prentice Hall
13336,Olympian Odes. Pythian Odes,Pindar/William H. Race,4.09,674995643,9780670000000.0,mul,416,59,5,4/15/1997,Harvard University Press
13337,The Odes,Pindar/Cecil Maurice Bowra/Daniel C. Snell/Dawson William Turner/Maehler/Abraham Moore,3.89,014044209X,9780140000000.0,eng,256,1052,23,9/30/1982,Penguin Books
13342,The Odes and Selected Fragments,Pindar/G.S. Conway/Richard Stoneman,3.89,460876740,9780460000000.0,eng,352,7,1,03/01/1998,Everyman's Library
13344,Nemean Odes. Isthmian Odes. Fragments,Pindar/William H. Race,4.19,674995341,9780670000000.0,mul,480,35,1,4/15/1997,Harvard University Press
13345,Sabriel (Abhorsen  #1),Garth Nix,4.17,60575816,9780060000000.0,en-US,311,1312,162,8/17/2004,Eos
13347,Euripides 3: Alcestis/Daughters of Troy/The Phoenician Women/Iphigenia at Aulis/Rhesus,Euripides/David R. Slavitt/Smith Palmer Bovie/Fred Chappell/Mark Rudman/Elaine Terranova/Richard Elman/Katharine Washburn/George D. Economou,3.88,812216504,9780810000000.0,eng,392,7,1,06/01/1998,University of Pennsylvania Press
13357,Eragon: Prima Official Game Guide,Prima Publishing,3.98,761555528,9780760000000.0,eng,176,120,1,11/14/2006,Prima Games
13360,Battlefield of the Mind: Winning the Battle in Your Mind,Joyce Meyer,4.34,446691097,9780450000000.0,en-US,288,27204,698,10/01/2002,FaithWords
13365,A Lady At Last (deWarenne Dynasty  #7),Brenda Joyce,4.06,373771371,9780370000000.0,eng,379,1549,87,11/21/2006,Hqn
13368,James Joyce's Ulysses,Stuart Gilbert,4.17,394700139,9780390000000.0,eng,405,1991,92,01/12/1955,Vintage
13374,A Complicated Kindness,Miriam Toews,3.65,1582433224,9781580000000.0,eng,253,17963,1023,8/17/2005,Counterpoint LLC
13375,A Complicated Kindness (Bookclub-In-A-Box),Marilyn Herbert/Miriam Toews,4.0,1897082274,9781900000000.0,eng,80,39,1,8/30/2006,Bookclub-In-A-Box
13379,Race of Scorpions (The House of Niccolo  #3),Dorothy Dunnett,4.42,039457107X,9780390000000.0,eng,534,21,1,05/05/1990,Knopf
13382,Vinyl Cafe Odd Jobs,Stuart McLean,4.56,096830317X,9780970000000.0,eng,3,61,1,6/15/2005,Canadian Broadcasting Corporation (CBC Audio)
13383,Vinyl Cafe Coast to Coast Story Service,Stuart McLean,4.45,968303188,9780970000000.0,eng,3,51,1,7/15/2005,Canadian Broadcasting Corporation (CBC Audio)
13388,Vinyl Cafe Diaries (Vinyl Cafe  #4),Stuart McLean,4.19,670044369,9780670000000.0,eng,302,924,59,11/28/2003,Penguin Books Canada
13397,Checkmate (Tom Clancy's Splinter Cell  #3),David  Michaels/Tom Clancy,3.94,425212785,9780430000000.0,eng,402,3896,65,11/07/2006,Berkley
13398,Operation Barracuda (Tom Clancy's Splinter Cell  #2),David  Michaels/Raymond Benson/Tom Clancy,4.02,425204227,9780430000000.0,eng,326,5062,79,11/01/2005,Berkley
13399,Splinter Cell (Tom Clancy's Splinter Cell  #1),David  Michaels/Raymond Benson/Tom Clancy,3.85,425201686,9780430000000.0,eng,355,10329,193,12/06/2004,Berkley
13413,Dark Visions,Douglas E. Winter/Dan Simmons/Stephen King/George R.R. Martin,3.89,575402903,9780580000000.0,en-US,381,155,17,08/10/2000,Indigo
13414,Ancilla to the Pre-Socratic Philosophers,Kathleen Banks Freeman/Hermann Alexander Diels,4.25,674035011,9780670000000.0,eng,172,46,7,08/08/2003,Harvard University Press (Cambridge)
13421,The Presocratics,Philip Ellis Wheelwright,4.04,002426640X,9780020000000.0,en-US,352,201,12,01/11/1966,Prentice Hall/Library of Liberal Arts
13422,The Presocratic Philosophers,Geoffrey S. Kirk/John Earle Raven/Malcolm Schofield,4.25,521274559,9780520000000.0,eng,518,692,26,12/29/1983,Cambridge University Press
13423,Presocratic Philosophy: A Very Short Introduction,Catherine Osborne,3.58,192840940,9780190000000.0,eng,144,205,24,9/16/2004,Oxford University Press  USA
13424,The Presocratic Philosophers,Jonathan Barnes/Ted Honderich,4.14,415050790,9780420000000.0,eng,728,68,3,9/16/1982,Routledge
13425,The First Philosophers: The Presocratics and Sophists,Robin Waterfield/Anaximander/Anaximenes/Empedocles/Gorgias of Leontini/Heraclitus/Parmenides/Protagoras/Pythagoras/Thales/Thrasymachus/Zeno of Elea,3.95,192824546,9780190000000.0,eng,400,356,17,11/30/2000,Oxford University Press
13440,Skeleton Crew,Stephen King,3.96,751504386,9780750000000.0,eng,612,97092,1186,5/13/1993,Warner Books
13442,Night Shift,Stephen King,4.0,385129912,9780390000000.0,eng,344,486,56,10/01/1993,Doubleday Books
13444,The Talisman,Stephen King/Peter Straub,4.13,670691992,9780670000000.0,eng,646,1259,131,11/08/1984,Viking; G. P. Putnam & Sons
13446,El retrato de Rose Madder,Stephen King/Bettina Blanch Tyroller,3.7,307376583,9780310000000.0,spa,496,218,30,10/03/2006,Debolsillo
13448,The Dark Half,Stephen King,3.77,5550707004,9785550000000.0,eng,431,103,16,11/01/1989,Viking Books
13449,La Milla Verde,Stephen King/María Eugenia Ciocchini Suárez,4.44,743233603,9780740000000.0,spa,448,9,1,3/26/2002,Fireside Books
13451,Storm of the Century,Stephen King,3.92,067103264X,9780670000000.0,eng,376,18255,266,02/01/1999,Pocket
13460,Girls Think of Everything: Stories of Ingenious Inventions by Women,Catherine Thimmesh/Melissa Sweet,4.15,618195637,9780620000000.0,eng,64,906,171,03/11/2002,HMH Books for Young Readers
13462,How Dogs Think: What the World Looks Like to Them and Why They Act the Way They Do,Stanley Coren,3.99,743222334,9780740000000.0,en-US,368,693,58,06/06/2005,Atria Books
13463,The How to Think Like Leonardo da Vinci Workbook: Your Personal Companion to How to Think Like Leonardo da Vinci,Michael J. Gelb,3.85,440508827,9780440000000.0,eng,288,327,16,6/15/1999,Dell
13467,Brit-Think  Ameri-Think: A Transatlantic Survival Guide,Jane Walmsley,3.26,142001341,9780140000000.0,eng,160,269,40,2/25/2003,Penguin Books
13469,What You Think of Me Is None of My Business,Terry Cole-Whittaker,4.1,051509479X,9780520000000.0,en-US,208,203,25,04/01/1988,Berkley Books
13470,Think on These Things,Jiddu Krishnamurti/D. Rajagopal,4.36,60916095,9780060000000.0,eng,258,2509,137,10/11/1989,HarperOne
13484,Think Like a Cat: How to Raise a Well-Adjusted Cat—Not a Sour Puss,Pam Johnson-Bennett,4.06,965013014,9780970000000.0,eng,413,543,69,1/24/2000,Penguin Books
13485,Think Like a Guy: How to Get a Guy by Thinking Like One,Giuliana DePandi,3.15,312354371,9780310000000.0,en-US,172,115,23,6/27/2006,St. Martin's Griffin
13486,How to Think Theologically,Howard W. Stone/James O. Duke,3.67,800638182,9780800000000.0,en-US,142,235,22,01/01/2006,Fortress Press
13487,JoJo's Bizarre Adventure  Vol. 6 (Stardust Crusaders  #6),Hirohiko Araki,4.36,1421506556,9781420000000.0,eng,208,309,7,12/05/2006,VIZ Media
13488,JoJo's Bizarre Adventure  Vol. 4 (Stardust Crusaders  #4),Hirohiko Araki,4.45,142150653X,9781420000000.0,eng,208,450,8,06/06/2006,VIZ Media
13489,JoJo's Bizarre Adventure  Vol. 5 (Stardust Crusaders  #5),Hirohiko Araki,4.41,1421506548,9781420000000.0,eng,208,363,5,09/05/2006,VIZ Media
13490,JoJo's Bizarre Adventure  Vol. 7 (Stardust Crusaders  #7),Hirohiko Araki,4.42,1421510782,9781420000000.0,eng,208,339,5,04/03/2007,VIZ Media
13492,Jojo's Bizarre Adventure  Tome 4: Dans la salle du dragon à deux têtes (Phantom Blood  #4),Hirohiko Araki,3.97,2290318043,9782290000000.0,fre,180,129,3,4/29/2002,J'ai Lu
13493,JoJo's Bizarre Adventure  Vol. 8 (Stardust Crusaders  #8),Hirohiko Araki,4.46,1421510790,9781420000000.0,eng,208,303,5,08/07/2007,VIZ Media
13494,Jojo's Bizarre Adventure  Tome 17: L'Amoureux terrible (Stardust Crusaders  #5),Hirohiko Araki/Hirohiko Araki,4.41,2290328308,9782290000000.0,fre,202,2,1,5/23/2003,J'ai lu
13495,Jojo's Bizarre Adventure  Tome 6: Jojo contre la forme de vie ultime (Battle Tendency  #1),Hirohiko Araki,4.18,2290318493,9782290000000.0,fre,198,122,2,6/26/2002,J'ai lu
13500,Fevre Dream,George R.R. Martin,3.86,067145577X,9780670000000.0,eng,350,127,25,01/01/1982,Poseidon Press
13501,The Hedge Knight (The Tales of Dunk and Egg  #1),Ben Avery/Mike S. Miller/George R.R. Martin/Mike Crowell,4.14,097640110X,9780980000000.0,eng,164,15977,415,2/23/2005,Dabel Brothers Publishing
13504,A Clash of Kings (A Song of Ice and Fire  #2),George R.R. Martin/Roy Dotrice,4.41,073930870X,9780740000000.0,eng,0,113,12,2/17/2004,Random House Audio
13505,Tuf Voyaging,George R.R. Martin,4.1,1592220045,9781590000000.0,en-US,448,62,7,11/10/2004,Meisha Merlin Publishing
13506,Jack of Kinrowan: Jack the Giant-Killer / Drink Down the Moon,Charles de Lint,4.12,312869592,9780310000000.0,eng,412,3685,95,09/05/2000,St. Martins Press
13508,Lies My Teacher Told Me: Everything Your History Textbook Got Wrong,James W. Loewen,3.96,156584100X,9781570000000.0,eng,384,402,55,08/04/1995,The New Press
13509,Lies My Teacher Told Me about Christopher Columbus: What Your History Books Got Wrong,James W. Loewen,4.0,1565840089,9781570000000.0,eng,48,227,15,10/01/2006,New Press
13517,C.G. Jung and Hermann Hesse: A Book of Two Friendships,Miguel Serrano,4.02,3856305580,9783860000000.0,eng,142,405,21,01/01/1997,Daimon Verlag
13519,The Journey to the East,Hermann Hesse/Hilda Rosner,3.7,312421680,9780310000000.0,eng,128,8071,360,02/01/2003,Picador
13521,Son of a Witch (The Wicked Years  #2),Gregory Maguire/Douglas Smith/Jelena Bojić,3.47,60747226,9780060000000.0,eng,352,52323,3023,9/26/2006,William Morrow Paperbacks
13529,March,Geraldine Brooks,3.75,143036661,9780140000000.0,eng,280,49145,5344,1/31/2006,Penguin
13530,Foreign Correspondence: A Pen Pal's Journey from Down Under to All Over,Geraldine Brooks,3.85,385483732,9780390000000.0,eng,240,1428,204,1/19/1999,Anchor Books
13536,Jojo's Bizarre Adventure  Tome 1: Dio  L'envahisseur (Phantom Blood  #1),Hirohiko Araki,3.88,2290061247,9782290000000.0,fre,186,6,0,1/28/2002,J'ai Lu
13538,Jojo's Bizarre Adventure  Tome 19: La Lampe Magique (Stardust Crusaders  #7),Hirohiko Araki/Hirohiko Araki,4.42,2290329452,9782290000000.0,fre,200,3,1,7/15/2003,J'ai Lu
13540,Jojo's Bizarre Adventure  Tome 14: Le Navire désert et le Singe (Stardust Crusaders  #2),Hirohiko Araki/Hirohiko Araki,4.41,2290328057,9782290000000.0,fre,189,4,2,2/25/2003,J'ai lu
13541,Jojo's Bizarre Adventure  Tome 13: Le Maléfice de Dio (Stardust Crusaders  #1),Hirohiko Araki/Hirohiko Araki,4.31,2290328022,9782290000000.0,fre,191,4,3,1/28/2003,J'ai lu
13543,Jojo's Bizarre Adventure  Tome 5: La dernière onde (Phantom Blood  #5),Hirohiko Araki,4.1,229031823X,9782290000000.0,fre,208,121,3,5/23/2002,J'ai lu
13544,Jojo's Bizarre Adventure  Tome 9: Ruée vers la falaise de la mort! (Battle Tendency  #4),Hirohiko Araki,4.27,2290319368,9782290000000.0,fre,192,91,2,9/27/2002,J'ai Lu
13545,Jojo's Bizarre Adventure  Tome 18: Death Thirteen (Stardust Crusaders  #6),Hirohiko Araki/Hirohiko Araki,4.36,2290328316,9782290000000.0,fre,188,2,1,6/27/2003,J'ai Lu
13546,Jojo's Bizarre Adventure  Tome 11: Le guerrier qui retourne au vent (Battle Tendency  #6),Hirohiko Araki,4.39,2290320102,9782290000000.0,fre,185,94,1,11/26/2002,J'ai Lu
13547,Jojo's Bizarre Adventure  Tome 16: L'Expérience du combat ! (Stardust Crusaders  #4),Hirohiko Araki/Hirohiko Araki,4.45,2290328294,9782290000000.0,fre,207,3,1,4/29/2003,J'ai lu
13548,Jojo's Bizarre Adventure  Tome 14: Le revolver est plus fort que l'épée (Stardust Crusaders  #3),Hirohiko Araki/Hirohiko Araki,4.44,2290328227,9782290000000.0,fre,202,4,2,3/25/2003,J'ai Lu
13549,From Far Away  Vol. 12,Kyoko Hikawa/Yuko Sawada/Freeman Wong,4.43,1421505398,9781420000000.0,eng,208,909,15,09/12/2006,VIZ Media
13550,From Far Away  Vol. 13,Kyoko Hikawa/Yuko Sawada/Freeman Wong,4.48,1421505401,9781420000000.0,eng,208,897,17,11/14/2006,VIZ Media
13551,From Far Away  Vol. 14,Kyoko Hikawa/Yuko Sawada/Freeman Wong,4.5,142150541X,9781420000000.0,eng,208,986,37,01/09/2007,VIZ Media
13552,Very Far Away from Anywhere Else,Ursula K. Le Guin,3.91,152052089,9780150000000.0,en-US,133,1756,176,10/01/2004,HMH Books for Young Readers
13557,Vagabond  Volume 20,Takehiko Inoue,4.41,1591165830,9781590000000.0,eng,224,513,12,3/15/2005,VIZ Media LLC
13562,彼方から 13,Kyoko Hikawa,4.48,4592175433,9784590000000.0,jpn,178,19,0,08/10/2002,Hakusen Sha
13568,Tsubasa: RESERVoir CHRoNiCLE  Vol. 11,CLAMP/William Flanagan,4.28,345485289,9780350000000.0,eng,183,2728,35,10/31/2006,Del Rey
13569,Tsubasa: RESERVoir CHRoNiCLE  Vol. 3,CLAMP/William Flanagan,4.28,345471830,9780350000000.0,eng,196,5616,65,10/26/2004,Del Rey
13570,Tsubasa: RESERVoir CHRoNiCLE  Vol. 1,CLAMP/Anthony Gerard,4.11,345470575,9780350000000.0,eng,197,38296,396,4/27/2004,Del Rey
13571,Tsubasa: RESERVoir CHRoNiCLE  Vol. 10,CLAMP/William Flanagan,4.29,345484304,9780350000000.0,eng,184,2765,38,7/25/2006,Del Rey
13575,Tsubasa: RESERVoir CHRoNiCLE  Vol. 8,CLAMP/William Flanagan,4.27,345484282,9780350000000.0,eng,194,2993,40,1/31/2006,Del Rey
13576,Tsubasa: RESERVoir CHRoNiCLE  Vol. 6,CLAMP/William Flanagan,4.3,345477936,9780350000000.0,eng,193,3359,48,7/26/2005,Del Rey
13577,Tsubasa: RESERVoir CHRoNiCLE  Vol. 04 (Tsubasa: RESERVoir CHRoNiCLE  #4),CLAMP/William Flanagan,4.28,034547791X,9780350000000.0,eng,192,4059,50,1/25/2005,Del Rey Books
13578,Tsubasa: RESERVoir CHRoNiCLE  Vol. 09,CLAMP/William Flanagan,4.28,345484290,9780350000000.0,eng,184,3052,41,4/25/2006,Del Rey
13579,Tsubasa: RESERVoir CHRoNiCLE  Vol. 12,CLAMP/William Flanagan,4.31,345485327,9780350000000.0,eng,184,2683,38,1/30/2007,Del Rey
13583,ツバサ-RESERVoir CHRoNiCLE- 4,CLAMP,4.28,4063633381,9784060000000.0,jpn,186,6,2,2/17/2004,講談社
13584,ツバサ-RESERVoir CHRoNiCLE- 6,CLAMP,4.3,4063633934,9784060000000.0,jpn,186,5,1,6/17/2004,講談社
13585,ツバサ-RESERVoir CHRoNiCLE- 3,CLAMP,4.28,4063633225,9784060000000.0,jpn,190,7,1,12/17/2003,講談社
13586,ツバサ-RESERVoir CHRoNiCLE- 7,CLAMP,4.29,4063634167,9784060000000.0,jpn,188,5,2,8/17/2004,講談社
13587,ツバサ-RESERVoir CHRoNiCLE- 8,CLAMP,4.27,4063634523,9784060000000.0,jpn,187,4,0,11/17/2004,講談社
13588,Hikaru no Go  Vol. 7: The Young Lions Tournament (Hikaru no Go  #7),Yumi Hotta/Takeshi Obata,4.26,1421506416,9781420000000.0,eng,205,1144,18,07/05/2006,VIZ Media LLC
13589,Hikaru no Go  Vol. 8: The Pro Test Preliminaries: Day Four (Hikaru no Go  #8),Yumi Hotta/Takeshi Obata,4.22,1421506424,9781420000000.0,eng,205,985,15,11/07/2006,VIZ Media LLC
13590,Hikaru no Go  Vol. 1: Descent of the Go Master (Hikaru no Go  #1),Yumi Hotta/Takeshi Obata,4.1,159116222X,9781590000000.0,eng,187,8921,207,5/19/2004,VIZ Media LLC
13591,Hikaru no Go  Vol. 9: The Pro Test Begins (Hikaru no Go  #9),Yumi Hotta/Takeshi Obata/Yukari Umezawa,4.27,1421510669,9781420000000.0,eng,207,1012,21,04/03/2007,VIZ Media LLC
13592,Hikaru no Go  Vol. 10: Lifeline (Hikaru no Go  #10),Yumi Hotta/Takeshi Obata,4.28,1421510677,9781420000000.0,eng,203,953,20,08/07/2007,VIZ Media LLC
13593,ヒカルの碁 18、番外編,Yumi Hotta/Yumi Hotta,4.11,4088732898,9784090000000.0,jpn,211,275,7,08/02/2002,集英社
13594,ヒカルの碁 23、あなたに呼びかけている,Yumi Hotta/Yumi Hotta,4.22,4088735048,9784090000000.0,jpn,198,61,5,09/04/2003,集英社
13595,ヒカルの碁 7、若獅子戦,Yumi Hotta/Yumi Hotta,4.26,4088728734,9784090000000.0,jpn,208,9,2,06/07/2000,集英社
13596,ヒカルの碁 15、さよなら,Yumi Hotta/Yumi Hotta,4.25,4088732154,9784090000000.0,jpn,211,289,8,12/24/2001,集英社
13598,ヒカルの碁 13、プロ第一戦,Yumi Hotta/Yumi Hotta,4.26,4088731441,9784090000000.0,jpn,195,11,2,08/08/2001,集英社
13600,ヒカルの碁 14、sai vs toya koyo,Yumi Hotta/Yumi Hotta,4.23,4088731697,9784090000000.0,jpn,189,331,6,10/09/2001,集英社
13602,ヒカルの碁 16、中国棋院,Yumi Hotta/Yumi Hotta,4.15,4088732324,9784090000000.0,jpn,191,282,7,03/04/2002,集英社
13603,ヒカルの碁 6、院生試験,Yumi Hotta/Takeshi Obata,4.22,4088728491,9784090000000.0,jpn,211,8,2,04/09/2000,集英社
13608,ヒカルの碁 9、本戦開始,Yumi Hotta/Yumi Hotta,4.27,4088730224,9784090000000.0,jpn,207,9,2,10/09/2000,集英社
13609,ヒカルの碁 22、打倒高永夏,Yumi Hotta/Yumi Hotta,4.21,4088734327,9784090000000.0,jpn,189,329,5,06/04/2003,集英社
13611,ヒカルの碁 12、新初段シリーズ,Yumi Hotta/Yumi Hotta,4.24,4088731107,9784090000000.0,jpn,189,9,2,05/06/2001,集英社
13614,Death Note  Vol. 8: Target (Death Note  #8),Tsugumi Ohba/Takeshi Obata/Tetsuichiro Miyaki,4.26,1421506297,9781420000000.0,eng,201,16983,428,11/07/2006,VIZ Media LLC
13615,Death Note  Vol. 1: Boredom (Death Note  #1),Tsugumi Ohba/Takeshi Obata/Pookie Rolf,4.43,1421501686,9781420000000.0,eng,195,174482,3010,10/10/2005,VIZ Media LLC
13616,Death Note  Vol. 4: Love (Death Note  #4),Tsugumi Ohba/Alexis Kirsch,4.39,142150331X,9781420000000.0,eng,204,21653,690,03/07/2006,VIZ Media LLC
13617,Death Note  Vol. 5: Whiteout (Death Note  #5),Tsugumi Ohba/Takeshi Obata/Alexis Kirsch,4.34,1421506262,9781420000000.0,eng,201,19274,583,05/02/2006,VIZ Media LLC
13618,Death Note  Vol. 3: Hard Run (Death Note  #3),Tsugumi Ohba/Takeshi Obata/Pookie Rolf,4.43,1421501708,9781420000000.0,eng,200,22435,741,01/03/2006,VIZ Media LLC
13619,Death Note  Vol. 2: Confluence (Death Note  #2),Tsugumi Ohba/Takeshi Obata/Pookie Rolf,4.43,1421501694,9781420000000.0,eng,197,25578,948,11/01/2005,VIZ Media LLC
13620,Death Note  Vol. 6: Give-and-Take (Death Note  #6),Tsugumi Ohba/Takeshi Obata/Alexis Kirsch,4.39,1421506270,9781420000000.0,eng,215,18291,491,07/05/2006,VIZ Media LLC
13621,Death Note  Vol. 7: Zero (Death Note  #7),Tsugumi Ohba/Takeshi Obata/Alexis Kirsch,4.43,1421506289,9781420000000.0,eng,211,18321,586,09/05/2006,VIZ Media LLC
13622,Death Note  Vol. 9: Contact (Death Note  #9),Tsugumi Ohba/Takeshi Obata/Tetsuichiro Miyaki,4.21,1421506300,9781420000000.0,eng,193,13472,363,01/02/2007,VIZ Media LLC
13623,Death Note  Vol. 10: Deletion (Death Note  #10),Tsugumi Ohba/Takeshi Obata/Tetsuichiro Miyaki,4.22,142151155X,9781420000000.0,eng,188,12461,325,03/06/2007,VIZ Media LLC
13624,The Worm Ouroboros,E.R. Eddison/Keith   Henderson,3.71,486447405,9780490000000.0,eng,446,2956,239,4/28/2006,Dover Publications
13625,Mistress of Mistresses: A Vision of Zimiamvia (The Zimiamvian Trilogy  #1),E.R. Eddison/Gerald Ravenscourt Hayes/Keith   Henderson,3.64,034527220X,9780350000000.0,eng,405,26,6,12/12/1977,Del Rey Books
13628,The Mezentian Gate,E.R. Eddison,3.6,345272218,9780350000000.0,eng,275,134,5,04/12/1978,Del Rey
13629,The Mythical Man-Month: Essays on Software Engineering,Frederick P. Brooks Jr.,4.05,201835959,9780200000000.0,eng,322,9395,616,08/12/1995,Addison-Wesley Professional
13630,Museum of Terror  Vol. 1: Tomie 1,Junji Ito/伊藤潤二/Naomi Kokubo,4.09,1593075421,9781590000000.0,eng,375,1444,83,08/08/2006,Dark Horse Comics
13631,Museum of Terror  Vol. 2: Tomie 2,Junji Ito/伊藤潤二/Naomi Kokubo,4.11,1593076126,9781590000000.0,eng,376,911,33,9/19/2006,Dark Horse Manga
13632,Museum of Terror  Vol. 3: The Long Hair in the Attic,Junji Ito/伊藤潤二,4.12,1593076398,9781590000000.0,eng,392,628,26,11/21/2006,Dark Horse Manga
13633,Tomie 1  富江,Junji Ito/伊藤潤二,3.94,1588990842,9781590000000.0,eng,248,900,38,04/04/2005,ComicsOne Corporation
13634,Tomie 2  富江 Part 2,Junji Ito/伊藤潤二,3.86,1588990850,9781590000000.0,eng,247,521,32,04/04/2005,ComicsOne Corporation
13638,Hana Yori Dango: Le jeu da la fin du monde 1 (Boys Over Flowers  #1),Yōko Kamio/神尾葉子,4.11,2723441784,9782720000000.0,fre,212,26,3,03/05/2003,Glénat
13639,Hana Yori Dango 3 (Boys Over Flowers  #3),Yōko Kamio/神尾葉子,4.12,2723442314,9782720000000.0,fre,185,10,0,6/18/2003,Glénat
13640,Hana Yori Dango 2 (Boys Over Flowers  #2),Yōko Kamio/神尾葉子,4.12,2723442306,9782720000000.0,fre,171,12,0,5/14/2003,Glénat
13647,Voices (Annals of the Western Shore  #2),Ursula K. Le Guin,3.88,152056785,9780150000000.0,eng,341,3493,306,09/01/2006,Harcourt
13648,Gifts (Annals of the Western Shore  #1),Ursula K. Le Guin,3.7,152051244,9780150000000.0,eng,286,6666,606,04/01/2006,Harcourt
13649,Lao Tzu: Tao Te Ching: A Book about the Way and the Power of the Way,Lao Tzu/Ursula K. Le Guin/J.P. Seaton,4.3,1570623953,9781570000000.0,eng,125,800,91,10/20/1998,Shambhala
13650,The Wave in the Mind: Talks and Essays on the Writer  the Reader and the Imagination,Ursula K. Le Guin,4.3,1590300068,9781590000000.0,eng,314,1044,164,2/17/2004,Shambhala
13651,The Dispossessed,Ursula K. Le Guin,4.22,61054887,9780060000000.0,eng,387,64196,3525,10/20/1994,Harper Voyager
13653,Five Complete Novels,Ursula K. Le Guin,4.13,517480107,9780520000000.0,eng,579,58,13,09/04/1985,Random House Value Publishing
13654,Tehanu (Earthsea Cycle  #4),Ursula K. Le Guin,3.94,689845332,9780690000000.0,eng,281,1269,93,09/01/2001,Aladdin Paperbacks
13657,Changing Planes,Ursula K. Le Guin,3.83,441012248,9780440000000.0,eng,239,3489,335,08/01/2005,Ace
13658,The Other Wind (Earthsea Cycle  #6),Ursula K. Le Guin/Samuel Roukin,4.12,044101125X,9780440000000.0,eng,211,14393,635,9/30/2003,Ace Books
13659,Tales from Earthsea (Earthsea Cycle  #5),Ursula K. Le Guin,4.04,441011241,9780440000000.0,eng,280,14549,468,10/28/2003,Ace
13660,Jane on Her Own (Catwings  #4),Ursula K. Le Guin/S.D. Schindler,4.17,439551927,9780440000000.0,eng,48,1322,87,10/01/2006,Orchard Books
13661,Tehanu (Earthsea Cycle  #4),Ursula K. Le Guin,3.94,1416509631,9781420000000.0,eng,281,26096,1053,11/23/2004,Pocket Books
13662,The Tombs of Atuan (Earthsea Cycle  #2),Ursula K. Le Guin/Margot Paronis,4.09,689845367,9780690000000.0,eng,180,73161,1922,09/01/2001,Gallery / Saga Press
13664,Catwings (Catwings #1),Ursula K. Le Guin/S.D. Schindler,4.09,439551897,9780440000000.0,eng,40,6598,600,05/01/2003,Orchard Books
13666,Wonderful Alexander and the Catwings,Ursula K. Le Guin/S.D. Schindler,4.13,053106851X,9780530000000.0,eng,42,21,1,09/01/1994,Orchard Books
13667,The Farthest Shore (Earthsea Cycle  #3),Ursula K. Le Guin,4.12,141650964X,9781420000000.0,eng,259,79809,1224,11/01/2004,Gallery Books
13674,The Life and Games of Mikhail Tal,Mikhail Tal/Iakov Damsky/Kenneth P. Neat,4.52,1857442024,9781860000000.0,eng,496,442,24,07/01/1997,Everyman Chess
13677,Tal-Botvinnik 1960,Mikhail Tal/Hanon W. Russell,4.55,1888690089,9781890000000.0,eng,220,161,12,07/03/2001,Russell Enterprises
13688,Don Quixote,Miguel de Cervantes Saavedra/John Rutherford,3.87,140449094,9780140000000.0,eng,1056,335,52,1/30/2003,Penguin Books
13719,Cromartie High School  Vol. 06,Eiji Nonaka/Brendan Frayne,4.21,1413902626,9781410000000.0,eng,176,61,4,06/06/2006,ADV Manga
13720,Cromartie High School  Vol. 05,Eiji Nonaka/Brendan Frayne,4.28,1413902618,9781410000000.0,eng,168,63,2,3/21/2006,ADV Manga
13722,Cromartie High School  Vol. 01,Eiji Nonaka/Brendan Frayne,4.0,141390257X,9781410000000.0,eng,158,393,41,03/01/2005,ADV Manga
13724,Cromartie High School  Vol. 02,Eiji Nonaka/Brendan Frayne,4.19,1413902588,9781410000000.0,eng,161,134,9,6/14/2005,ADV Manga
13727,Bleach  Volume 16,Tite Kubo,4.34,1421506149,9781420000000.0,eng,208,5763,75,12/05/2006,VIZ Media LLC
13728,Bleach  Volume 13,Tite Kubo,4.36,1421506114,9781420000000.0,eng,208,6371,85,06/06/2006,VIZ Media LLC
13729,Bleach  Volume 10,Tite Kubo,4.28,1421500817,9781420000000.0,eng,208,7037,81,12/06/2005,VIZ Media LLC
13730,Bleach  Volume 18,Tite Kubo,4.34,1421510421,9781420000000.0,eng,208,7781,70,04/03/2007,VIZ Media LLC
13731,Bleach  Volume 17,Tite Kubo,4.35,1421510413,9781420000000.0,eng,208,6250,60,02/06/2007,VIZ Media LLC
13733,Bleach  Volume 19,Tite Kubo,4.36,142151043X,9781420000000.0,eng,216,5922,81,06/05/2007,VIZ Media LLC
13735,Bleach  Volume 20,Tite Kubo,4.36,1421510448,9781420000000.0,eng,216,5648,76,08/07/2007,VIZ Media LLC
13737,The Twelve Kingdoms: Sea of Shadow (The Twelve Kingdoms  #1),Fuyumi Ono/小野 不由美/Akihiro Yamada/山田 章博/Elye J. Alexander/Alexander O. Smith,4.2,1598169467,9781600000000.0,en-US,464,2504,172,3/13/2007,TokyoPop
13739,Twelve Fair Kingdoms,Suzette Haden Elgin,3.99,425058506,9780430000000.0,eng,195,141,10,03/01/1983,Berkley
13741,Crest of the Stars 2: A Modest War  (Seikai no Monshou  #2),Hiroyuki Morioka,4.11,1598165763,9781600000000.0,eng,222,135,5,01/01/2007,TokyoPop
13743,Crest of the Stars 3: Return to a Strange World  (Seikai no Monshou  #3),Hiroyuki Morioka,4.25,1598165771,9781600000000.0,eng,203,128,3,05/01/2007,TokyoPop
13746,Julie and Julia: My Year of Cooking Dangerously,Julie Powell,3.7,316013269,9780320000000.0,en-US,307,2261,537,09/07/2006,Back Bay Books
13747,Julie and Julia: 365 Days  524 Recipes  1 Tiny Apartment Kitchen,Julie Powell,3.7,031610969X,9780320000000.0,eng,310,136123,5852,09/01/2005,Little Brown and Company
13752,The Master of Go,Yasunari Kawabata/Edward G. Seidensticker,3.84,679761063,9780680000000.0,eng,189,2821,199,5/28/1996,Vintage
13759,Conrad's Fate (Chrestomanci  #5),Diana Wynne Jones,4.05,60747455,9780060000000.0,eng,400,8080,336,05/09/2006,Greenwillow Books
13762,Rocketman: Astronaut Pete Conrad's Incredible Ride to the Moon and Beyond,Nancy Conrad/Howard A. Klausner/Buzz Aldrin,4.08,045121837X,9780450000000.0,eng,301,26,4,05/01/2006,New American Library
13764,Red River  Vol. 14 (Red River  #14),Chie Shinohara,4.44,1421505568,9781420000000.0,eng,191,1030,13,09/12/2006,VIZ Media LLC
13765,Red River  Vol. 15 (Red River  #15),Chie Shinohara,4.45,1421505576,9781420000000.0,eng,191,1007,13,11/01/2006,Viz Media
13767,Red River  Vol. 16 (Red River  #16),Chie Shinohara,4.45,1421505584,9781420000000.0,eng,191,999,13,01/01/2007,Viz Media
13769,Red River  Vol. 17 (Red River  #17),Chie Shinohara,4.44,1421509970,9781420000000.0,eng,189,984,10,04/10/2007,VIZ Media LLC
13783,Tramps Like Us  Volume 8,Yayoi Ogawa,4.3,1595324380,9781600000000.0,en-US,192,611,14,02/07/2006,TokyoPop
13784,Tramps Like Us  Volume 9,Yayoi Ogawa,4.32,1595324399,9781600000000.0,en-GB,185,562,11,06/01/2006,TokyoPop
13785,Tramps Like Us  Volume 11,Yayoi Ogawa,4.28,1598161989,9781600000000.0,eng,182,478,12,02/01/2007,TokyoPop
13786,Tramps Like Us  Volume 12,Yayoi Ogawa,4.37,1598161997,9781600000000.0,en-US,179,497,9,06/01/2007,TokyoPop
13793,きみはペット 11 [Kimi wa Petto 11],Yayoi Ogawa/小川 彌生,4.28,4063405141,9784060000000.0,jpn,184,6,0,11/12/2004,講談社
13797,Suki's Kimono,Chieri Uegaki/Stéphane Jorisch,4.19,1553377524,9781550000000.0,eng,32,645,123,09/01/2005,Kids Can Press
13800,The Interpreter,Suki Kim,3.56,312422245,9780310000000.0,eng,304,976,106,01/01/2004,St. Martins Press
13806,The Thousandfold Thought (The Prince of Nothing  #3),R. Scott Bakker,3.93,158567883X,9781590000000.0,eng,560,8716,228,1/30/2007,Harry N. Abrams
13807,Flight of the Nighthawks (The Darkwar Saga  #1),Raymond E. Feist,3.96,60792787,9780060000000.0,en-US,368,9698,110,04/11/2006,Harper Voyager
13812,Magician: Apprentice (The Riftwar Saga  #1),Raymond E. Feist,4.17,553564943,9780550000000.0,eng,485,73396,1367,01/01/1994,Bantam Spectra
13814,Into a Dark Realm (The Darkwar Saga  #2),Raymond E. Feist,4.0,60792809,9780060000000.0,eng,319,9291,97,3/27/2007,EOS
13820,Manna from Heaven,Roger Zelazny/Scott Zrubeck/Steven Brust,3.95,809530953,9780810000000.0,en-US,255,337,10,5/29/2006,Wildside Press
13821,Lord of Light,Roger Zelazny,4.1,60567236,9780060000000.0,eng,296,23392,1104,3/30/2010,Harper Voyager
13823,Roger Zelazny's To Rule in Amber (The Dawn of Amber  #3),John Gregory Betancourt/Roger Zelazny,3.77,1596871326,9781600000000.0,eng,310,753,13,10/01/2005,iBooks
13829,Terrier (Beka Cooper  #1),Tamora Pierce,4.15,037581468X,9780380000000.0,eng,581,56973,1623,10/24/2006,Random House
13831,Alanna: The First Adventure (Song of the Lioness  #1),Tamora Pierce,4.26,689878559,9780690000000.0,eng,274,101059,3815,01/01/2005,Simon Pulse
13832,Young Warriors: Stories of Strength,Tamora Pierce/Josepha Sherman/Margaret Mahy/Lesley McBain/Mike Resnick/Bruce Rogers/Pamela F. Service/Jan Stirling/Holly Black/Doranna Durgin/India Edghill/Rosemary Edghill/Esther M. Friesner/Laura Anne Gilman/Janis Ian/Brett Hartinge,3.91,375829636,9780380000000.0,eng,312,3643,74,10/24/2006,Random House
13833,Emperor Mage (Immortals  #3),Tamora Pierce,4.29,1416903372,9781420000000.0,eng,358,49912,615,06/01/2005,Simon Pulse
13834,The Realms of the Gods (Immortals  #4),Tamora Pierce,4.32,141690817X,9781420000000.0,eng,347,46937,665,01/01/2006,Simon Pulse
13835,In the Hand of the Goddess (Song of the Lioness  #2),Tamora Pierce,4.24,689878567,9780690000000.0,eng,264,77540,1396,01/01/2005,Simon Pulse
13836,Wild Magic (Immortals  #1),Tamora Pierce,4.32,1416903437,9781420000000.0,eng,362,61677,1448,06/01/2005,Simon Pulse
13837,Lioness Rampant (Song of the Lioness  #4),Tamora Pierce,4.28,689878575,9780690000000.0,en-US,384,72386,1230,01/01/2005,Simon Pulse
13839,The Botany of Desire: A Plant's-Eye View of the World,Michael Pollan,4.06,375760393,9780380000000.0,eng,297,39680,2780,5/28/2002,Random House Trade Paperbacks
13842,The Botany of Desire: A Plant's-Eye View of the World,Michael Pollan/Scott Brick,4.06,1596590939,9781600000000.0,eng,0,117,36,5/21/2007,Your Coach Digital
13845,More Milly Molly Mandy,Joyce Lankester Brisley,4.12,753453347,9780750000000.0,eng,224,846,17,09/01/1999,Kingfisher
13847,Essence and Alchemy: A Natural History of Perfume,Mandy Aftel,4.09,1586857029,9781590000000.0,eng,256,459,37,1/31/2007,Gibbs Smith
13853,The Lion  the Witch and the Wardrobe,C.S. Lewis/Pauline Baynes,4.21,60530839,9780060000000.0,en-US,112,381,19,11/04/2003,HarperCollins
13854,Promise of the Witch King (Forgotten Realms: The Sellswords  #2),R.A. Salvatore,4.17,786940735,9780790000000.0,eng,373,7847,104,09/12/2006,Wizards of the Coast
13856,Witches Abroad (Discworld  #12),Terry Pratchett,4.22,055215296X,9780550000000.0,en-GB,368,346,31,08/01/2005,Corgi
13860,The Wizard's Apprentice (The Keepers  #2),Jackie French Koller/Rebecca Guay,3.8,689855923,9780690000000.0,eng,175,353,20,12/01/2003,Aladdin
13867,Magician: Apprentice (The Riftwar Saga  #1),Raymond E. Feist,4.17,553267604,9780550000000.0,eng,336,614,19,12/01/1993,Spectra
13871,Magician: Apprentice (The Riftwar Saga  #1),Raymond E. Feist/Brett Booth,4.45,976401150,9780980000000.0,eng,265,276,5,6/29/2006,Dabel Brothers Productions
13872,Geek Love,Katherine Dunn,3.97,375713344,9780380000000.0,eng,348,50103,5030,06/11/2002,Random House Vintage
13876,Dear God  Help!!! Love  Earl,Barbara Park/Kenneth Lafreniere,3.97,679853952,9780680000000.0,eng,144,37,4,07/11/2006,Yearling
13878,Prince of the Blood (Krondor's Sons  #1),Raymond E. Feist,3.98,553588117,9780550000000.0,eng,429,19537,171,12/18/2007,BantamSpectra
13879,Shards of a Broken Crown (The Serpentwar Saga  #4),Raymond E. Feist,4.02,380973995,9780380000000.0,en-US,417,131,4,04/01/1998,AvonEos
13881,Rage of a Demon King (The Serpentwar Saga  #3),Raymond E. Feist,4.05,380974738,9780380000000.0,en-US,436,21965,92,04/01/1997,Avon Books
13890,A Crown of Swords (The Wheel of Time  #7),Robert Jordan,4.04,812550285,9780810000000.0,eng,880,106712,1604,11/15/1997,Tor Books
13891,Winter's Heart (The Wheel of Time  #9),Robert Jordan,3.94,081257558X,9780810000000.0,eng,780,86944,1442,01/07/2002,Tor Fantasy
13895,The Fires of Heaven (The Wheel of Time  #5),Robert Jordan,4.16,1857232097,9781860000000.0,eng,912,113052,1673,07/04/1994,Orbit
13912,A Beautiful Mind,Sylvia Nasar,4.13,571212921,9780570000000.0,eng,461,115201,1008,02/04/2002,Faber  Faber
13913,How To Have A Beautiful Mind,Edward de Bono,3.62,91894603,9780090000000.0,en-US,232,1595,135,06/03/2004,Vermilion
13914,The State of Mind Called Beautiful,Sayadaw U. Pandita/Kate Wheeler/Swami Vivekananda,4.22,861713451,9780860000000.0,eng,170,28,1,4/13/2006,Wisdom Publications
13916,Il genio dei numeri,Sylvia Nasar/Carlo Capararo/Sergio Mancini/Roberta Zuppet,4.13,8817128716,9788820000000.0,ita,442,45,5,02/01/2002,Rizzoli
13922,Wolfskin (Saga of the Light Isles  #1),Juliet Marillier,4.01,765345900,9780770000000.0,eng,544,5653,225,08/01/2004,Tor Books
13923,Blade of Fortriu (The Bridei Chronicles  #2),Juliet Marillier,4.09,765309963,9780770000000.0,eng,496,5141,184,10/31/2006,Tor
13924,The Dark Mirror (The Bridei Chronicles  #1),Juliet Marillier,3.97,076530998X,9780770000000.0,en-US,512,63,8,6/13/2006,Tor Books
13925,Child of the Prophecy (Sevenwaters  #3),Juliet Marillier,4.12,765345013,9780770000000.0,eng,596,17071,708,6/16/2003,Tor Books
13927,Son of the Shadows (Sevenwaters  #2),Juliet Marillier,4.33,765343266,9780770000000.0,eng,608,24253,1070,6/17/2002,Tor Books
13929,Wildwood Dancing (Wildwood  #1),Juliet Marillier,4.09,375833641,9780380000000.0,eng,407,24751,2219,1/23/2007,Alfred A. Knopf
13930,Foxmask (Saga of the Light Isles  #2),Juliet Marillier,4.1,330411845,9780330000000.0,eng,670,104,9,3/18/2005,Tor Books
13931,Foxmask (Saga of the Light Isles  #2),Juliet Marillier,4.1,765345919,9780770000000.0,eng,560,4123,145,11/01/2005,Tor Fantasy
13932,The Noonday Demon: An Atlas of Depression,Andrew Solomon,4.18,684854678,9780680000000.0,eng,576,9255,724,04/02/2002,Scribner
13934,The Noonday Demon: An Anatomy of Depression,Andrew Solomon,4.18,99277131,9780100000000.0,en-GB,560,119,10,04/04/2002,Vintage
13939,My Secret: A PostSecret Book,Frank Warren,4.34,61196681,9780060000000.0,en-GB,144,5874,281,10/24/2006,William Morrow
13943,The Secret Lives of Men and Women: A PostSecret Book,Frank Warren,4.37,61198757,9780060000000.0,en-GB,144,5406,237,01/09/2007,William Morrow
13944,The Secret Life of Houdini: The Making of America's First Superhero,William Kalush/Larry Sloman,3.87,743272072,9780740000000.0,en-US,592,1738,235,10/31/2006,Atria Books
13947,The Golden Key,Melanie Rawn/Kate Elliott/Jennifer Roberson,3.82,330347764,9780330000000.0,eng,1074,36,5,9/19/1997,Pan
13951,The Case Of The Golden Key (Jigsaw Jones Mystery #19),James Preller/Jamie  Smith,3.88,439426286,9780440000000.0,eng,80,87,10,09/01/2002,Scholastic Paperbacks
13954,Mandie and the Jumping Juniper (Mandie  #18),Lois Gladys Leppard,3.89,1556612001,9781560000000.0,eng,160,874,19,02/02/2008,Bethany House Publishers
13956,Wise Child,Monica Furlong,4.14,394891058,9780390000000.0,eng,228,178,12,2/24/2004,Random House
13964,The Boys of the Archangel Raphael: A Youth Confraternity in Florence  1411-1785,Konrad Eisenbichler,2.0,802043291,9780800000000.0,eng,498,1,0,5/30/1998,University of Toronto Press
13965,King Solomon's Ring,Konrad Lorenz/Marjorie Kerr Wilson,4.23,415267471,9780420000000.0,eng,192,1509,80,08/11/2002,Routledge
13968,The Konrad Saga (Konrad  #1-3),David S. Garnett/David Ferring,3.57,1841542768,9781840000000.0,eng,608,74,4,4/26/2005,Games Workshop
13979,Aerie (Dragon Jousters  #4),Mercedes Lackey,3.95,075640391X,9780760000000.0,en-US,291,4922,95,10/03/2006,DAW Books
13980,Sanctuary (Dragon Jousters  #3),Mercedes Lackey,4.01,756403413,9780760000000.0,eng,448,6437,81,05/02/2006,DAW
13981,Fortune's Fool (Five Hundred Kingdoms  #3),Mercedes Lackey,3.83,373802668,9780370000000.0,en-US,362,7756,283,2/27/2007,Luna Books
13982,The Fairy Godmother (Five Hundred Kingdoms  #1),Mercedes Lackey,3.97,373802455,9780370000000.0,eng,479,15813,871,10/25/2004,Luna Books
13983,The Wizard of London (Elemental Masters  #4),Mercedes Lackey,3.79,756403634,9780760000000.0,en-US,384,6145,202,10/03/2006,DAW
13985,By Slanderous Tongues (Doubled Edge  #3),Mercedes Lackey/Roberta Gellis,3.9,1416521070,9781420000000.0,eng,544,698,19,02/06/2007,Baen
13986,Arrows of the Queen (Heralds of Valdemar  #1),Mercedes Lackey,4.14,886773784,9780890000000.0,eng,320,31058,927,03/03/1987,Daw Books
13987,Phoenix and Ashes (Elemental Masters  #3),Mercedes Lackey,4.01,756402727,9780760000000.0,eng,480,6980,229,10/04/2005,DAW
13988,Crossroads and Other Tales of Valdemar (Tales of Valdemar #3),Mercedes Lackey/Rosemary Edghill/Sarah A. Hoyt/Tanya Huff/Fiona Patton/Janni Lee Simner/Mickey Zucker Reichert/Judith Tarr/Larry Dixon/Michael Z. Williamson/Nancy Asire/Richard Lee Byers/Brenda Cooper/Stephanie D. Shaver/Kate Paulk/Michael Longcor/Ben Ohlander,3.87,756403251,9780760000000.0,eng,338,3049,32,12/06/2005,DAW
13990,Storm Warning (Valdemar: Mage Storms #1),Mercedes Lackey,4.03,886776619,9780890000000.0,eng,428,11193,123,09/01/1995,Daw Books
13991,This Rough Magic (Heirs of Alexandria  #2),Mercedes Lackey/Eric Flint/Dave Freer,3.86,743499093,9780740000000.0,eng,893,1189,23,06/01/2005,Baen
13993,Joust (Dragon Jousters  #1),Mercedes Lackey,4.02,756401534,9780760000000.0,eng,448,10113,263,03/02/2004,DAW
13994,Winds of Fury (Valdemar: Mage Winds #3),Mercedes Lackey,4.05,886776120,9780890000000.0,eng,423,12027,105,08/01/1994,DAW
13995,Winds of Fate (Valdemar: Mage Winds #1),Mercedes Lackey,4.04,886775167,9780890000000.0,eng,458,14611,208,07/07/1992,DAW
13996,Alta (Dragon Jousters  #2),Mercedes Lackey,4.03,756402573,9780760000000.0,en-US,434,7060,113,03/01/2005,Daw Books
13997,The Serpent's Shadow (Elemental Masters  #1),Mercedes Lackey,3.99,756400619,9780760000000.0,en-US,394,8768,306,03/05/2002,Daw Books
13998,Storm Rising (Valdemar: Mage Storms  #2),Mercedes Lackey,4.02,886777127,9780890000000.0,en-US,412,10781,86,10/01/1996,DAW
14000,Exile's Valor (Heralds of Valdemar  #7),Mercedes Lackey,4.19,756402212,9780760000000.0,en-GB,438,10882,104,10/05/2004,DAW
14002,Sword of Ice and Other Tales of Valdemar (Tales of Valdemar #1),Mercedes Lackey/Tanya Huff/Mickey Zucker Reichert/Michelle Sagara West/Gary A. Braunbeck/John Helfers/Elisabeth Waters/Lawrence Schimel/Mark Shepherd/Janni Lee Simner/Richard Lee Byers/Josepha Sherman/Larry Dixon/John Yezeguielian/Mel White/Stephanie D. Shaver/Kristin Schwengel/Ben Ohlander/Philip M. Austin,3.85,886777208,9780890000000.0,eng,350,3869,50,01/01/1997,Daw Books
14003,The River's Gift,Mercedes Lackey,3.9,451457595,9780450000000.0,eng,128,1050,59,10/02/1999,Roc Hardcover
14004,Jinx High (Diana Tregarde  #3),Mercedes Lackey,3.83,765313197,9780770000000.0,en-US,335,3507,66,09/05/2000,St. Martins Press-3PL
14007,Owlknight (Owl Mage Trilogy  #3),Mercedes Lackey/Larry Dixon,3.98,886779162,9780890000000.0,eng,450,8045,98,11/01/2000,DAW
14008,Bedlam's Edge (Bedlam's Bard  #8),Mercedes Lackey/Rosemary Edghill,3.92,1416521100,9781420000000.0,en-US,384,922,20,1/30/2007,Baen
14009,Owlflight (Owl Mage Trilogy  #1),Mercedes Lackey/Larry Dixon,3.98,886778042,9780890000000.0,eng,342,9217,168,10/01/1998,DAW
14012,Children of the Night (Diana Tregarde  #2),Mercedes Lackey,3.94,765313189,9780770000000.0,en-US,320,4349,103,08/01/2005,St. Martins Press-3PL
14013,Winter Moon (Walker Papers  #1.5),Mercedes Lackey/Tanith Lee/C.E. Murphy,3.78,373802390,9780370000000.0,eng,393,2668,148,10/25/2005,Luna Books
14014,Arrow's Fall (Heralds of Valdemar  #3),Mercedes Lackey,4.19,886774004,9780890000000.0,eng,319,19520,330,01/05/1988,Daw Books
14016,Difficult Conversations: How to Discuss What Matters Most,Bruce Patton/Douglas Stone/Sheila Heen,4.09,014027782X,9780140000000.0,en-US,250,61,9,5/25/2000,Penguin
14026,The Scarlet Gang of Asakusa,Yasunari Kawabata/Alisa Freedman,3.36,520241827,9780520000000.0,eng,181,360,34,4/18/2005,University of California Press
14029,Beauty and Sadness,Yasunari Kawabata/Howard Hibbett,3.85,679761055,9780680000000.0,eng,206,4933,313,1/30/1996,Vintage
14030,The Dancing Girl of Izu and Other Stories,Yasunari Kawabata/J. Martin Holman,3.78,1887178945,9781890000000.0,eng,176,1385,75,8/29/1998,Counterpoint
14031,Palm-of-the-Hand Stories,Yasunari Kawabata/Lane Dunlop/J. Martin Holman,3.99,374530491,9780370000000.0,eng,288,1777,129,11/14/2006,Farrar  Straus and Giroux
14032,House of the Sleeping Beauties and Other Stories,Yasunari Kawabata/Edward G. Seidensticker/Yukio Mishima,3.67,4770029756,9784770000000.0,eng,148,3581,224,02/06/2004,Kodansha International
14033,First Snow on Fuji,Yasunari Kawabata/Michael Emmerich,3.85,1582431051,9781580000000.0,eng,227,601,42,10/12/1999,Counterpoint
14043,Romanee Conti: The World's Most Fabled Wine,Richard Olney,3.75,847819272,9780850000000.0,eng,208,20,1,9/15/1995,Rizzoli International Publications
14045,As I Crossed a Bridge of Dreams: Recollections of a Woman in Eleventh-Century Japan,Lady Sarashina/Ivan Morris,3.82,140442820,9780140000000.0,eng,148,527,54,1/30/1975,Penguin Classics
14046,The Time Traveler's Wife,Audrey Niffenegger,3.97,1596921536,9781600000000.0,eng,518,1005,253,10/01/2005,MacAdam/Cage
14049,The Part-Time Wife (The Secret Lives of Society Wives  #6),Maureen Child,3.6,373767552,9780370000000.0,eng,179,120,12,10/01/2006,Harlequin Books
14051,Part-Time Wife (Hometown Heartbreakers  #4),Susan   Mallery,3.97,373240279,9780370000000.0,eng,256,574,22,3/25/1996,Silhouette Special Edition
14054,The Little Friend,Donna Tartt,3.46,747573646,9780750000000.0,eng,555,808,112,06/01/2007,Bloomsbury
14055,The Little Friend,Donna Tartt,3.46,747562113,9780750000000.0,eng,559,220,25,10/28/2002,Bloomsbury
14056,The Littles and Their Amazing New Friend,John Lawrence Peterson,3.87,590876120,9780590000000.0,eng,112,190,16,03/01/1999,Scholastic Paperbacks
14060,Little House Friends (Little House Chapter Books: Laura  #9),Laura Ingalls Wilder/Renée Graef,4.04,64420809,9780060000000.0,eng,80,73,2,09/05/1998,HarperCollins
14063,The Legend of the Poinsettia,Tomie dePaola,4.19,698115678,9780700000000.0,eng,32,2401,115,10/06/1997,Puffin Books
14064,I Am Legend,Richard Matheson,4.07,1857988094,9781860000000.0,eng,160,55751,3104,1/21/1999,Millenium
14069,Throne of Jade (Temeraire  #2),Naomi Novik,3.89,345481291,9780350000000.0,eng,398,30029,1818,4/25/2006,Del Rey Books
14072,Thrones  Dominations,Dorothy L. Sayers/Jill Paton Walsh,3.89,312968302,9780310000000.0,en-US,322,165,24,3/15/1999,St. Martin's Paperbacks
14075,A Throne in Brussels: Britain  the Saxe-Coburgs and the Belgianisation of Europe,Paul Belien,4.14,1845400658,9781850000000.0,eng,384,14,3,02/01/2006,Imprint Academic
14081,Utena: Revolutionary Girl 01,Chiho Saito,3.83,3551768617,9783550000000.0,ger,192,14,0,02/01/2003,Carlsen
14082,Malgudi Days,R.K. Narayan/Jhumpa Lahiri,4.21,143039652,9780140000000.0,eng,264,13518,473,11/02/2006,Penguin Classics
14084,The Magic Barrel,Bernard Malamud/Jhumpa Lahiri,3.99,374525862,9780370000000.0,en-US,240,1958,95,07/07/2003,Farrar  Straus and Giroux
14088,O Xará,Jhumpa Lahiri,3.99,8535905324,9788540000000.0,por,336,152,9,8/30/2004,Companhia das Letras
14089,Prétear  Vol. 4 (Prétear  #4),Junichi Satō/Kaori Naruse,3.96,1413901476,9781410000000.0,eng,180,294,14,1/18/2005,ADV Manga
14091,Prétear  Vol. 3 (Prétear  #3),Junichi Satō/Kaori Naruse,3.95,1413901468,702727000000.0,eng,172,326,10,10/12/2004,ADV Manga
14092,Prétear  Vol. 2 (Prétear  #2),Junichi Satō/Kaori Naruse,4.0,141390145X,9781410000000.0,eng,182,347,17,8/24/2004,ADV Manga
14093,Zinn & the Art of Road Bike Maintenance,Lennard Zinn/Todd Telander,4.29,1931382697,9781930000000.0,eng,356,282,24,10/25/2005,VeloPress
14095,A Power Governments Cannot Suppress,Howard Zinn,4.27,872864758,9780870000000.0,eng,293,873,78,12/01/2006,City Lights Publishers
14096,Wherever You Go  There You Are: Mindfulness Meditation in Everyday Life,Jon Kabat-Zinn,4.12,1401307787,9781400000000.0,eng,304,30333,1293,01/05/2005,Hachette Books
14098,Mindfulness for Beginners,Jon Kabat-Zinn,3.82,1591794641,9781590000000.0,eng,3,2913,245,07/01/2006,Sounds True
14106,Grammar Snobs Are Great Big Meanies: A Guide to Language for Fun and Spite,June Casagrande,3.78,143036831,9780140000000.0,eng,199,774,157,3/28/2006,Penguin Books
14107,Death of a Snob (Hamish Macbeth  #6),M.C. Beaton,3.78,553409689,9780550000000.0,eng,192,17,1,06/01/2000,Transworld Publishers
14115,Beauty is the Beast  Vol. 4,Tomo Matsumoto/Tomo Kimura,3.79,1421503549,9781420000000.0,eng,208,335,11,08/01/2006,VIZ Media LLC
14117,Beauty and the Beast,Max Eilenberg/Angela Barrett,4.37,763631604,9780760000000.0,eng,64,3682,133,11/14/2006,Candlewick Press
14118,Disney's Beauty and the Beast (A Little Golden Book),Teddy Slater/Ron Dias/Ric González,4.41,736421971,9780740000000.0,eng,24,28824,132,05/11/2004,Golden/Disney
14131,Mao II,Don DeLillo/Marianne Véron,3.68,2742735402,9782740000000.0,fre,278,10,1,10/27/2001,Babel
14137,White Noise: Text and Criticism,Don DeLillo/Mark Osteen,3.87,140274987,9780140000000.0,eng,538,747,75,12/01/1998,Penguin Books
14142,The Art of Loving,Erich Fromm/Peter D. Kramer/Rainer Funk,4.04,61129739,9780060000000.0,eng,192,38148,1310,08/06/2019,Harper Perennial Modern Classics
14143,The Art of Loving,Eiki Eiki/Sashiko Sato/Bambi Eloriaga,3.51,1569709084,9781570000000.0,en-US,184,172,13,04/05/2006,Digital Manga Publishing
14168,Inattentional Blindness,Arien Mack/Irvin Rock,4.2,262632039,9780260000000.0,en-US,287,10,3,7/24/2000,Bradford Book
14169,Touching the Rock: An Experience of Blindness,John M. Hull/Oliver Sacks,3.98,067973547X,9780680000000.0,eng,248,141,24,06/02/1992,Vintage
14173,Blindness and Insight: Essays in the Rhetoric of Contemporary Criticism,Paul De Man/Wlad Godzich,4.12,816611351,9780820000000.0,eng,342,180,9,10/03/1983,University of Minnesota Press
14176,Yiddish with Dick and Jane,Ellis Weiner/Barbara Davilman/Gabi Payn,3.92,316159727,9780320000000.0,en-US,112,373,67,9/13/2004,Little  Brown and Company
14177,A Treasury of Dick and Jane and Friends (Dick and Jane),Pearson Scott Foresman/William S. Gray,4.13,448433400,9780450000000.0,en-US,200,371,43,9/15/2003,Grosset & Dunlap
14179,The Complete Dick Tracy Volume 1: 1931-1933,Chester Gould/Ashley Wood/Max Allan Collins,4.02,1600100368,9781600000000.0,eng,352,168,17,01/03/2012,Library of American Comics
14181,Do Androids Dream Of Electric Sheep?,Philip K. Dick,4.08,752864300,9780750000000.0,en-US,224,267,28,3/24/2005,Orion Paperbacks
14182,Four Novels of the 1960s: The Man in the High Castle / The Three Stigmata of Palmer Eldritch / Do Androids Dream of Electric Sheep? / Ubik,Philip K. Dick/Jonathan Lethem,4.38,1598530097,9781600000000.0,eng,830,1970,206,05/10/2007,Library of America
14183,The Philip K. Dick Reader,Philip K. Dick,4.28,806518561,9780810000000.0,eng,422,2760,158,04/01/2001,Citadel
14184,The Shifting Realities of Philip K. Dick,Philip K. Dick/Lawrence Sutin,4.09,679747877,9780680000000.0,en-US,384,903,40,1/30/1996,Vintage
14186,The Collected Stories of Philip K. Dick 3: Second Variety,Philip K. Dick/John Brunner,4.26,806512261,9780810000000.0,eng,414,3135,75,04/01/2002,Citadel
14188,The Minority Report (Collected Stories of Philip K. Dick),Philip K. Dick,4.19,806521686,9780810000000.0,eng,396,20,0,01/01/2000,Citadel Press
14194,A Man's Protection,Jayne Castle/Jayne Ann Krentz,3.88,440151880,9780440000000.0,eng,186,275,6,12/31/1982,Dell Publishing Company
14196,Jonathan Strange y el señor Norrell,Susanna Clarke/Ana María de la Fuente,3.82,8478889736,9788480000000.0,spa,795,200,38,09/01/2005,Salamandra
14214,Hunger,Lan Samantha Chang,3.92,140288481,9780140000000.0,eng,192,797,72,01/01/2000,Penguin Books
14227,The Diezmo,Rick Bass,3.46,618710507,9780620000000.0,eng,224,11,1,6/15/2006,Mariner Books
14228,Colter: The True Story of the Best Dog I Ever Had,Rick Bass,3.88,618127364,9780620000000.0,eng,208,463,65,06/01/2001,Mariner Books
14230,The Hermit's Story,Rick Bass,4.12,618380442,9780620000000.0,eng,192,437,45,9/18/2003,Mariner Books
14235,The Great Gatsby,F. Scott Fitzgerald,3.91,891906797,9780890000000.0,eng,182,149,7,09/01/1925,Amereon Ltd
14236,Gould's Book of Fish: A Novel in Twelve Fish,Richard Flanagan,3.69,1843540703,9781840000000.0,eng,449,3261,384,3/15/2003,Atlantic Books
14240,One Hundred Years of Solitude,Gabriel García Márquez/Gregory Rabassa,4.07,60750766,9780060000000.0,eng,560,130,5,2/20/2004,Harper
14241,The Liars' Club,Mary Karr,3.93,143035746,9780140000000.0,eng,320,52578,2464,5/31/2005,Penguin Books
14242,The Pretender (Liar's Club  #1),Celeste Bradley,3.98,312984855,9780310000000.0,en-GB,358,2241,106,6/16/2003,St. Martin's Paperbacks
14243,The Impostor (Liar's Club  #2),Celeste Bradley,3.91,312984863,9780310000000.0,eng,369,1356,69,10/19/2003,St. Martin's Paperbacks
14248,Small Wonder,Barbara Kingsolver,4.01,60504080,9780060000000.0,eng,264,8965,623,4/15/2003,Harper Perennial
14249,Prodigal Summer,Barbara Kingsolver,4.0,60959037,9780060000000.0,eng,444,88241,5652,10/16/2001,Harper Perennial
14257,English Passengers,Matthew Kneale,4.06,038549744X,9780390000000.0,eng,446,4863,409,1/16/2001,Anchor
14258,English Passengers,Matthew Kneale,4.06,140285210,9780140000000.0,en-GB,462,537,65,4/26/2001,Penguin
14263,Independent People,Halldór Laxness/James Anderson Thompson,4.17,1860467768,9781860000000.0,en-GB,544,80,11,9/28/2001,Harvill Press
14264,World Light,Halldór Laxness/Magnus Magnusson,4.14,375727574,9780380000000.0,eng,624,551,52,10/08/2002,Vintage
14265,Under the Glacier,Halldór Laxness/Magnus Magnusson,3.59,1400034418,9781400000000.0,eng,240,1577,181,03/08/2005,Vintage
14266,Paradise Reclaimed,Halldór Laxness/Magnus Magnusson/Jane Smiley,3.77,375727582,9780380000000.0,eng,304,447,33,04/02/2002,Vintage
14267,Iceland's Bell,Halldór Laxness/Philip Roughton/Adam Haslett,3.89,1400034256,9781400000000.0,eng,425,1262,90,10/14/2003,Vintage
14268,The Atom Station,Halldór Laxness/Magnus Magnusson,3.55,99455153,9780100000000.0,en-GB,192,592,52,03/04/2004,Vintage Classics
14271,Island: Collected Stories,Alistair MacLeod,4.19,99422328,9780100000000.0,eng,448,837,102,09/05/2002,Vintage
14279,Carried Away: A Personal Selection of Stories,Alice Munro/Margaret Atwood,4.15,307264866,9780310000000.0,eng,608,620,83,9/26/2006,Everyman's Library
14281,Selected Stories,Alice Munro,4.28,067976674X,9780680000000.0,eng,688,5749,285,11/11/1997,Vintage
14282,Runaway,Alice Munro,3.98,140004281X,9781400000000.0,eng,335,633,115,10/28/2004,Alfred A. Knopf
14283,Something I've Been Meaning to Tell You: 13 Stories,Alice Munro,4.1,375707484,9780380000000.0,eng,246,2386,178,10/12/2004,Vintage
14284,The Beggar Maid: Stories of Flo and Rose,Alice Munro/Susanna Basso,3.93,679732713,9780680000000.0,eng,210,2814,258,05/07/1991,Vintage
14285,Lives of Girls and Women,Alice Munro,3.99,375707492,9780380000000.0,eng,277,8461,553,2/13/2001,Vintage
14286,Open Secrets,Alice Munro,4.07,679755624,9780680000000.0,eng,304,4038,297,11/07/1995,Vintage
14289,Coin Locker Babies,Ryū Murakami/Stephen Snyder,3.68,4770028962,9784770000000.0,eng,393,6440,298,08/09/2002,Kodansha
14295,Pastoralia,George Saunders,4.11,747553866,9780750000000.0,eng,188,13431,931,09/08/2001,Bloomsbury Publishing
14300,Good Faith,Jane Smiley,3.26,385721056,9780390000000.0,eng,432,1837,245,05/11/2004,Anchor Books
14305,The Greenlanders,Jane Smiley,3.9,1400095468,9781400000000.0,eng,608,2013,311,9/13/2005,Anchor
14310,The Autograph Man,Zadie Smith,3.16,140276343,9780140000000.0,eng,420,535,66,5/22/2003,Penguin Books Ltd
14312,El cazador de autógrafos,Zadie Smith,3.16,8478888462,9788480000000.0,spa,379,11,1,12/30/2003,Salamandra
14313,Anna Karenina,Leo Tolstoy/Constance Garnett,4.05,809596814,9780810000000.0,eng,740,28,7,01/01/2004,Wildside Press
14318,Chronicles: Volume One,Bob Dylan,3.98,743244583,9780740000000.0,eng,320,42014,1304,9/13/2005,Simon  Schuster
14319,The Essential Interviews,Bob Dylan/Jonathan Cott,4.11,1932958096,9781930000000.0,eng,447,1097,47,5/17/2006,Wenner Books
14320,The Bob Dylan Encyclopedia,Michael Gray,4.27,826469337,9780830000000.0,eng,800,289,8,9/21/2006,Bloomsbury Academic
14326,Going Native,Stephen Wright,3.58,140007942X,9781400000000.0,eng,320,593,62,04/12/2005,Vintage
14336,Stranger In A Strange Land,Robert A. Heinlein,3.92,340837950,9780340000000.0,eng,672,561,48,3/14/2005,Hodder & Stoughton
14345,Rain of Gold,Victor Villaseñor,4.48,038531177X,9780390000000.0,eng,576,5880,618,09/01/1992,Delta
14349,The Pearl/The Red Pony,John Steinbeck,3.64,140042326,9780140000000.0,eng,181,1469,39,9/30/1976,Penguin Books
14350,A Midsummer Night's Dream,William Shakespeare/Stephen Orgel/A.R. Braunmuller/Russ McDonald,3.94,140714553,9780140000000.0,eng,144,1002,57,08/01/2000,Penguin Classics
14358,A Ring of Endless Light (Austin Family  #4),Madeleine L'Engle,4.15,440910811,9780440000000.0,eng,332,16755,620,09/01/1995,Bantam Doubleday Dell Publishing Group
14362,Bless Me  Ultima,Rudolfo Anaya,3.77,446675369,9780450000000.0,en-US,290,22435,1912,04/01/1999,Grand Central Publishing
14367,Island of the Blue Dolphins,Scott O'Dell/Tantoo Cardinal,3.83,307243168,9780310000000.0,en-US,4,205,49,05/10/2005,Listening Library (Audio)
14375,A Reading Guide to Island of the Blue Dolphins,Patricia McHugh,3.89,439463696,9780440000000.0,eng,64,4,0,07/01/2003,Scholastic Reference
14376,Einstein's Dreams,Alan Lightman,4.07,140007780X,9781400000000.0,eng,144,25551,2576,11/09/2004,Vintage
14378,Sweet Dreams  Mimi (Baby Einstein),Julie Aigner-Clark/Nadeem Zaidi,3.13,786851155,9780790000000.0,eng,16,37,3,04/01/2004,Disney Press
14384,A Hunger Like No Other (Immortals After Dark  #1),Kresley Cole,4.19,1416509879,9781420000000.0,eng,356,57010,2634,04/01/2006,Pocket Star
14385,The Price of Pleasure (Sutherland Brothers  #2),Kresley Cole,4.0,743466500,9780740000000.0,en-US,353,118,5,07/01/2004,Pocket Books
14386,If You Dare (MacCarrick Brothers  #1),Kresley Cole,4.0,1416503595,9781420000000.0,eng,349,10615,450,05/01/2005,Pocket Books
14389,Organic Church: Growing Faith Where Life Happens,Neil Cole/Leonard Sweet,3.88,078798129X,9780790000000.0,en-US,237,847,68,09/08/2005,Jossey-Bass
14393,Chekhov's Doctors: A Collection of Chekhov's Medical Tales (Literature & Medicine 5),Anton Chekhov/Jack Coulehan/Robert Coles,4.04,873387805,9780870000000.0,en-GB,228,51,3,9/28/2003,Kent State University Press (OH)
14403,The Story of Ruby Bridges,Robert Coles/George Ford,4.43,439598443,9780440000000.0,eng,32,11403,605,06/01/2004,Scholastic Paperbacks
14406,The Complete Lyrics of Cole Porter,Cole Porter/Robert Kimball/John Updike,4.53,306804832,9780310000000.0,en-US,544,32,2,8/21/1992,Da Capo Press
14414,Barron's Book Notes: Lord of the Flies,Michael Spring/William Golding,3.67,812034260,9780810000000.0,eng,120,6,0,10/01/1984,Barron's Educational Series
14427,The spire  William Golding : notes,Steve Eddy,3.6,1405835648,9781410000000.0,eng,135,594,35,10/01/2006,York Press
14428,The Inheritors,William Golding,3.52,156443791,9780160000000.0,en-US,240,2826,266,9/25/1963,Mariner Books
14430,The Pyramid,William Golding,3.33,571192521,9780570000000.0,eng,217,527,20,7/22/1997,Faber  Faber
14455,President Nixon: Alone in the White House,Richard Reeves,3.96,743227190,9780740000000.0,en-US,704,391,23,10/10/2002,Simon  Schuster
14456,Awakenings,Oliver Sacks,4.1,375704051,9780380000000.0,eng,464,8982,333,10/05/1999,Vintage
14460,Kitty Goes to Washington (Kitty Norville  #2),Carrie Vaughn,3.87,446616427,9780450000000.0,eng,342,18327,665,07/01/2006,Grand Central Publishing
14461,Kitty and the Midnight Hour (Kitty Norville #1),Carrie Vaughn,3.66,446616419,9780450000000.0,eng,259,27510,1541,11/01/2005,Grand Central Publishing
14462,Not Since Carrie: Forty Years of Broadway Musical Flops,Ken Mandelbaum,4.09,312082738,9780310000000.0,eng,384,362,38,8/15/1992,St. Martin's Griffin
14463,Kitty Takes a Holiday (Kitty Norville  #3),Carrie Vaughn,3.91,446618748,9780450000000.0,eng,303,16168,505,04/01/2007,Grand Central Publishing
14467,The Best Short Stories of O. Henry,O. Henry/Bennett Cerf/Van H. Cartmell,4.26,679601228,9780680000000.0,eng,368,3551,133,1/16/2000,Modern Library
14472,Amelia Bedelia 50th Anniversary Library: Amelia Bedelia  Amelia Bedelia and the Surprise Shower  and Play Ball  Amelia Bedelia,Peggy Parish/Various,4.43,60542381,9780060000000.0,eng,96,257,12,12/26/2012,Greenwillow Books
14473,Merry Christmas  Amelia Bedelia,Peggy Parish/Lynn Sweat,4.29,60099453,9780060000000.0,eng,64,2508,63,10/01/2002,Greenwillow Books
14475,Amelia Bedelia Goes Camping,Peggy Parish/Lynn Sweat,4.13,60511060,9780060000000.0,eng,64,2082,76,4/15/2003,Greenwillow Books
14476,Amelia Bedelia and the Baby (Amelia Bedelia),Peggy Parish/Lynn Sweat,4.17,606300945,9780610000000.0,eng,64,3,0,03/01/2004,Turtleback Books Distributed by Demco Media
14477,Teach Us  Amelia Bedelia,Peggy Parish/Lynn Sweat,4.21,60511141,9780060000000.0,eng,64,3134,98,6/29/2004,Greenwillow Books
14479,Amelia Bedelia Helps Out,Peggy Parish/Lynn Sweat,4.25,60511117,9780060000000.0,eng,64,7764,67,1/18/2005,Greenwillow Books
14485,Directing the Documentary,Michael Rabiger,4.23,240806085,9780240000000.0,en-US,648,183,24,3/30/2004,Focal Press
14487,Introduction to Documentary,Bill Nichols,3.79,253214696,9780250000000.0,en-US,248,204,5,11/12/2001,Indiana University Press
14490,$30 Film School: How to Write  Direct  Produce  Shoot  Edit  Distribute  Tour With  and Sell Your Own No-Budget Digital Movie,Michael W. Dean,3.49,1592000673,9781590000000.0,eng,528,30,4,5/13/2003,Cengage Learning
14491,Salonica  City of Ghosts: Christians  Muslims and Jews  1430-1950,Mark Mazower,4.27,375727388,9780380000000.0,eng,544,755,73,05/09/2006,Vintage
14492,Farewell to Salonica: City at the Crossroads,Leon Sciaky/Peter Sciaky,4.13,1589880021,9781590000000.0,eng,299,63,3,06/01/2003,Paul Dry Books
14495,The Mind Parasites,Colin Wilson,3.77,974935999,9780970000000.0,en-GB,240,927,90,10/01/2005,Monkfish Book Publishing
14497,Neverwhere (London Below  #1),Neil Gaiman,4.17,60557818,9780060000000.0,eng,370,345122,15199,09/02/2003,William Morrow Paperbacks
14498,Neil Gaiman's Neverwhere,Mike Carey/Glenn Fabry/Neil Gaiman,4.24,1401210074,9781400000000.0,eng,224,33858,569,2/14/2007,Vertigo
14503,Neverwhere,Neil Gaiman,4.17,2290303348,9782290000000.0,fre,350,105,10,5/17/2001,J'AI LU
14504,Marjorie Morningstar,Herman Wouk,3.98,316955132,9780320000000.0,eng,565,6609,582,6/15/1992,Back Bay Books
14535,El Perfume: Historia De Un Asesino,Patrick Süskind,4.02,8432216887,9788430000000.0,spa,312,17,1,2/19/2018,Planeta Publishing
14542,The Perfume of the Lady in Black,Gaston Leroux/Margaret Jull Costa/Terry Hale,3.53,1873982984,9781870000000.0,eng,252,71,14,2/25/2015,Dedalus Limited
14551,The Perfume Factory,Alex Austin,4.18,1790877792,9781790000000.0,eng,227,9,2,12/12/2018,Kindle
14560,Psyche in a Dress,Francesca Lia Block,3.84,60763728,9780060000000.0,eng,116,2449,217,09/01/2006,Joanna Cotler Books
14566,Echo,Francesca Lia Block,3.87,64407446,9780060000000.0,eng,215,4894,235,08/06/2001,HarperTeen
14567,Ecstasia,Francesca Lia Block,3.9,142400378,9780140000000.0,eng,196,1543,51,1/19/2004,Firebird
14570,Eight Cousins (Eight Cousins  #1),Louisa May Alcott,4.01,486455599,9780490000000.0,eng,224,31532,767,2/27/2007,Dover Publications
14572,Peace Is Every Step: The Path of Mindfulness in Everyday Life,Thich Nhat Hanh/Arnold Kotler/Dalai Lama XIV,4.33,553351397,9780550000000.0,eng,160,25071,1156,03/01/1992,Bantam
14583,Night Beat: A Shadow History of Rock & Roll,Mikal Gilmore,3.74,385484364,9780390000000.0,en-US,496,67,8,02/01/1999,Knopf Publishing Group
14591,The History of Rock and Roll (World History),Adam Woog,4.0,1560064986,9781560000000.0,eng,112,5,0,3/28/1999,Lucent Books
14595,Please Kill Me: The Uncensored Oral History of Punk,Legs McNeil/Gillian McCain,4.16,802142648,9780800000000.0,eng,452,25094,937,4/13/2006,Grove Press
14604,The Day the Country Died: A History of Anarcho-Punk  1980-1984,Ian Glasper,3.99,1901447707,9781900000000.0,eng,375,206,16,03/01/2007,Cherry Red Books
14605,Edie: Girl on Fire,David Weisman/Melissa Painter,4.22,811855260,9780810000000.0,eng,192,727,19,11/02/2006,Chronicle Books
14606,Edie,Jean Stein/George Plimpton,4.14,802134106,9780800000000.0,eng,564,4639,227,10/14/1994,Grove Press
14616,The Leatherstocking Tales  Vol. 1: The Pioneers / The Last of the Mohicans / The Prairie,James Fenimore Cooper/Blake Nevius,3.88,940450208,9780940000000.0,eng,1347,348,24,07/01/1985,Library of America
14640,The Catcher in the Rye: Annotations and Study Aids,J.D. Salinger/Rudolph F. Rau,3.8,3125738083,9783130000000.0,eng,80,78,1,12/01/1999,Klett
14641,Der Fänger im Roggen,J.D. Salinger/Eike Schönfeld,3.8,3462032186,9783460000000.0,ger,270,33,6,2/20/2003,Kiepenheuer & Witsch
14644,A House Divided (House of Earth  #3),Pearl S. Buck,3.89,1559210346,9781560000000.0,eng,348,2849,177,01/01/2006,Moyer Bell and its subsidiaries
14647,Sons (House of Earth  #2),Pearl S. Buck,3.84,1559210397,9781560000000.0,eng,320,3387,242,01/01/2005,Moyer Bell and its subsidiaries
14648,East Wind: West Wind,Pearl S. Buck,4.0,1559210869,9781560000000.0,eng,288,3238,180,04/05/1995,Moyer Bell and its subsidiaries
14656,Encyclopedia Brown Solves Them All (Encyclopedia Brown  #5),Donald J. Sobol/Leonard W. Shortall,4.01,553480804,9780550000000.0,eng,96,2602,49,12/01/1992,Yearling
14657,Encyclopedia Brown and the Case of the Slippery Salamander (Encyclopedia Brown  #22),Donald J. Sobol/Warren Chang,4.08,553485210,9780550000000.0,en-US,96,403,6,08/08/2003,Yearling
14658,Encyclopedia Brown and the Case of the Treasure Hunt (Encyclopedia Brown  #17),Donald J. Sobol/Gail Owens,4.03,553156500,9780550000000.0,eng,96,637,19,01/01/1989,Yearling
14659,Encyclopedia Brown and the Case of the Sleeping Dog (Encyclopedia Brown  #21),Donald J. Sobol/Warren Chang,4.04,553485172,9780550000000.0,en-US,80,512,13,09/07/1999,Yearling Books
14663,When Red Is Black (Inspector Chen Cao #3),Qiu Xiaolong,3.77,156947396X,9781570000000.0,eng,310,1141,120,08/01/2005,Soho Crime
14664,The Red and the Black,Stendhal/Burton Raffel/Diane Johnson,3.88,812972074,9780810000000.0,eng,560,327,35,05/11/2004,Modern Library
14666,Red and Black,Stendhal/Robert M. Adams,3.88,393098214,9780390000000.0,eng,572,53,4,03/01/1969,W. W. Norton & Company
14670,Black on Red: My 44 Years Inside the Soviet Union: An Autobiography,Robert Robinson/Jonathan Slevin,4.33,874918855,9780870000000.0,eng,436,80,14,12/31/1988,Acropolis Books (NY)
14673,Thinking Visually (Basics Illustration  #1),Mark Wigan,3.62,2940373159,9782940000000.0,eng,184,51,5,12/20/2006,AVA Publishing
14679,Love,Stendhal/Gilbert Sale/Suzanne Sale/B.C.J.G. Knight/Jean Stewart,3.71,014044307X,9780140000000.0,eng,336,1083,51,8/28/1975,Penguin Classics
14680,The Charterhouse of Parma,Stendhal/Richard Howard/Robert Andrew Parker,3.82,679783180,9780680000000.0,eng,532,10856,248,09/12/2000,Modern Library
14684,The Charterhouse of Parma,Stendhal/Roger Pearson/Margaret Mauldon,3.82,192839578,9780190000000.0,eng,560,51,8,12/09/1999,Oxford University Press
14686,The King of Elfland's Daughter,Lord Dunsany/Neil Gaiman,3.84,034543191X,9780350000000.0,eng,240,4918,427,07/06/1999,Del Rey
14688,In the Land of Time: And Other Fantasy Tales,Lord Dunsany/S.T. Joshi,4.12,014243776X,9780140000000.0,eng,432,605,40,2/24/2004,Penguin Classics
14691,Fifty-One Tales,Lord Dunsany/John Gregory Betancourt/Lin Carter,3.79,1587150794,9781590000000.0,eng,108,357,50,04/01/2002,Borgo Press
14693,The Sword of Welleran and Other Stories,Lord Dunsany/Sidney H. Sime,4.01,486442179,9780490000000.0,eng,112,328,41,04/01/2005,Dover Publications
14698,On the Lines of Morris' Romances: Two Books That Inspired J. R. R. Tolkien-The Wood Beyond the World and the Well at the World's End,William Morris/Michale W. Perry,4.09,1587420244,9781590000000.0,eng,288,11,1,12/23/2003,Inkling Books
14705,Faust  Part One,Johann Wolfgang von Goethe/David  Luke,3.93,192835955,9780190000000.0,en-US,240,1783,67,10/22/1998,Oxford University Press  USA
14706,Faust  First Part,Johann Wolfgang von Goethe/Peter Salm,3.93,553213482,9780550000000.0,eng,327,48213,675,07/01/1988,Bantam Classics
14707,Faust  Part Two,Johann Wolfgang von Goethe/David  Luke,3.73,192836366,9780190000000.0,eng,304,3560,87,7/22/1999,Oxford University Press  USA
14712,Nathan the Wise  Minna von Barnhelm  and Other Plays and Writings,Gotthold Ephraim Lessing,3.7,826407072,9780830000000.0,eng,370,88,3,12/01/1991,Bloomsbury Academic
14719,Your First Year in Network Marketing: Overcome Your Fears  Experience Success  and Achieve Your Dreams!,Mark Yarnell/Rene Reid Yarnell/Richard  Poe,4.04,761512195,9780760000000.0,eng,304,843,57,01/07/1998,Three Rivers Press
14721,The Wealth of Networks: How Social Production Transforms Markets and Freedom,Yochai Benkler,3.97,300110561,9780300000000.0,eng,528,1568,47,5/16/2006,Yale University Press
14729,War Trash,Ha Jin,3.79,1400075793,9781400000000.0,eng,368,3007,255,05/10/2005,Vintage
14731,戰廢品,Ha Jin/季思聰,3.79,9571343897,9789570000000.0,zho,392,1,0,11/01/2005,時報出版
14741,Zone of the Enders: The 2nd Runner Official Strategy Guide,Tim Bogenn,5.0,744002354,9780740000000.0,eng,128,2,0,03/06/2003,BradyGames
14743,The God Delusion,Richard Dawkins,3.9,618680004,9780620000000.0,eng,374,197099,6216,10/18/2006,Houghton Mifflin Co. (Boston/NY)
14748,Good in Bed (Cannie Shapiro  #1),Jennifer Weiner,3.72,743418174,9780740000000.0,eng,376,269843,5384,04/02/2002,Washington Square Press
14755,The Guy Not Taken: Stories,Jennifer Weiner,3.48,1416535209,9781420000000.0,en-US,292,21715,1044,09/05/2006,Atria Books
14756,Goodnight Nobody,Jennifer Weiner,3.65,743470125,9780740000000.0,en-US,400,54117,1849,05/02/2006,Washington Square Press
14768,Los diarios de Nanny,Emma McLaughlin/Nicola Kraus,3.42,8420465607,9788420000000.0,spa,392,33,4,01/01/2003,Santillana USA Publishing Company
14769,Davita's Harp,Chaim Potok,3.99,449911837,9780450000000.0,eng,371,5005,314,8/27/1996,Ballantine Books
14770,Neuromancer,William Gibson,3.9,441012035,9780440000000.0,eng,384,1647,175,11/02/2004,Ace
14778,Chosen By God: Know God's Perfect Plan for His Glory and His Children,R.C. Sproul,4.34,842313354,9780840000000.0,eng,208,6861,205,9/21/1994,Tyndale Momentum
14781,The Chosen: The Hidden History of Admission and Exclusion at Harvard  Yale  and Princeton,Jerome Karabel,4.08,061877355X,9780620000000.0,eng,736,200,22,09/08/2006,Mariner Books
14785,Chosen Prey (Lucas Davenport  #12),John Sandford,4.24,425182878,9780430000000.0,en-US,383,22949,376,05/01/2002,Berkley
14786,Chosen But Free,Norman L. Geisler,3.31,764225219,9780760000000.0,en-US,285,361,43,09/01/2001,Bethany House Publishers
14788,The Lady Chosen (Bastion Club  #1),Stephanie Laurens,3.97,60002069,9780060000000.0,eng,464,5686,193,8/26/2003,Avon
14790,Maya Cosmogenesis 2012: The True Meaning of the Maya Calendar End-Date,John Major Jenkins/Terence McKenna,3.71,1879181487,9781880000000.0,en-US,480,186,17,08/01/1998,Bear  Company
14808,Travels of Marco Polo,Marco Polo/Howard Mittelmark/Milton Rugoff,3.58,451529510,9780450000000.0,eng,297,68,16,10/05/2004,Signet
14812,The Sword of Angels (The Bronze Knight  #3),John Marco,3.9,075640360X,9780760000000.0,en-US,980,827,23,07/01/2006,Daw Books
14817,A Scanner Darkly,Philip K. Dick,4.02,057507681X,9780580000000.0,eng,219,70604,1925,8/17/2006,Gollancz
14836,Midnight's Children,Salman Rushdie,3.98,99578514,9780100000000.0,eng,647,87463,4469,05/01/1995,Vintage
14839,Last Man Standing,David Baldacci,4.04,446611778,9780450000000.0,eng,640,41611,727,09/01/2002,Warners Visions Books
14841,Last Man Standing,David Baldacci,4.04,743428951,9780740000000.0,eng,548,60,6,06/03/2002,Pocket Books
14851,Last Man Standing,David Baldacci,4.04,330419706,9780330000000.0,en-GB,556,110,15,11/01/2003,Pan Publishing
14861,Rape: A Love Story,Joyce Carol Oates,3.57,786712945,9780790000000.0,eng,128,114,24,12/14/2003,Carroll & Graf Publishers
14864,Plain Truth,Jodi Picoult,3.98,743275012,9780740000000.0,eng,405,143658,5760,11/01/2004,Atria Books
14865,Vanishing Acts,Jodi Picoult,3.69,743454553,9780740000000.0,eng,426,87109,3920,11/15/2005,Washington Square Press
14866,Nineteen Minutes,Jodi Picoult,4.12,743496728,9780740000000.0,eng,440,270574,13491,03/05/2007,Atria Books
14867,The Pact,Jodi Picoult,4.01,340838035,9780340000000.0,en-GB,480,988,115,7/18/2005,Hodder & Stoughton
14868,Compasión,Jodi Picoult,3.58,8408068911,9788410000000.0,spa,554,12,1,01/01/2007,Booket
14870,The Outsiders,S.E. Hinton/Jodi Picoult,4.09,143039857,9780140000000.0,eng,160,1589,132,5/30/2006,Penguin Books
14883,Die Wahrheit der letzten Stunde,Jodi Picoult,3.8,3404145844,9783400000000.0,ger,684,7,2,08/01/2001,Lübbe
14886,Die Hexen von Salem Falls,Jodi Picoult,3.82,3822505870,9783820000000.0,ger,472,23,3,08/01/2002,Kabel  Verlag GmbH Ernst
14888,In einer regnerischen Nacht.,Jodi Picoult,3.58,3492236553,9783490000000.0,ger,512,1,0,02/01/2003,Piper
14891,A Tree Grows in Brooklyn,Betty  Smith,4.26,61120073,9780060000000.0,eng,496,345283,16114,5/30/2006,HarperCollins Publishers
14895,The Sound of Mountain Water,Wallace Stegner,4.06,140266747,9780140000000.0,en-US,288,250,34,11/01/1997,Penguin Books
14896,Wolf Willow,Wallace Stegner/Page Stegner,3.97,141185015,9780140000000.0,eng,306,597,97,12/01/2000,Penguin Classics
14899,Mormon Country,Wallace Stegner/Richard W. Etulain,3.95,803293054,9780800000000.0,eng,362,557,74,09/01/2003,Bison Books
14905,The Complete Novels,Jane Austen,4.55,140259449,9780140000000.0,eng,1344,21633,351,6/17/1996,Penguin
14909,Jane Austen's Letters,Jane Austen,4.16,1414500084,9781410000000.0,en-US,112,42,4,01/01/2003,Pavilion Press (Wi)
14911,Pride and Prejudice,Jane Austen,4.26,070898228X,9780710000000.0,eng,533,18,5,12/01/1984,Charnwood
14913,The Complete Novels of Jane Austen  Vol 1: Sense & Sensibility/Pride & Prejudice/Mansfield Park,Jane Austen,4.53,679600264,9780680000000.0,eng,898,254,22,09/05/1992,Modern Library
14914,Pride and Prejudice,Jane Austen/Pat Rogers,4.26,521825148,9780520000000.0,eng,540,56,7,07/01/2006,Cambridge University Press
14917,Desire and Duty: A Sequel to Jane Austen's Pride and Prejudice,Ted Bader/Marilyn Bader,2.86,965429903,9780970000000.0,eng,286,114,9,02/01/1997,Revive Publishing
14926,Emma,Jane Austen/James Kinsley/Adela Pinch,4.0,192802372,9780190000000.0,eng,402,737,72,07/10/2003,Oxford University Press
14927,Emma,Jane Austen,4.0,1587263963,9781590000000.0,en-US,424,83,6,7/14/2006,Ann Arbor Media
14930,Emma,Jane Austen/Prunella Scales,4.0,1572705329,9781570000000.0,eng,15,28,3,05/05/2006,Audio Partners
14934,Sense and Sensibility,Jane Austen/Claudia L. Johnson,4.07,039397751X,9780390000000.0,eng,269,768,68,10/30/2001,W. W. Norton & Company
14940,Who's Afraid of Virginia Woolf?,Edward Albee,4.08,451218590,9780450000000.0,eng,272,53955,1041,08/01/2006,NAL
14941,To the Lighthouse,Virginia Woolf/Mark Hussey,3.78,156030470,9780160000000.0,eng,242,514,59,08/01/2005,Mariner Books
14942,Mrs. Dalloway,Virginia Woolf/Maureen Howard,3.79,151009988,9780150000000.0,eng,194,176190,5595,10/28/2002,Houghton Mifflin Harcourt
14943,A Room of One's Own,Virginia Woolf,4.14,1568493665,9781570000000.0,eng,125,27,4,12/01/1994,Buccaneer Books
14945,Moments of Being: A Collection of Autobiographical Writing,Virginia Woolf/Jeanne Schulkind,4.26,156619180,9780160000000.0,eng,230,1729,121,8/23/1985,Mariner Books
